b031_dong,b076_dong,시도명,시군구명,행정동명,elderly_move_nat,middle_move_nat,youth_move_nat,elderly_move_seoul,middle_move_seoul,youth_move_seoul
11140520,1102052,서울특별시,중구,소공동,97.825,99.65,99.5,82.03309692671394,97.04491725768321,96.09929078014184
11140550,1102055,서울특별시,중구,명동,99.45,99.9,99.85,95.74468085106383,99.29078014184397,98.69976359338062
11410700,1113070,서울특별시,서대문구,남가좌2동,92.75,92.975,95.775,39.361702127659576,42.198581560283685,65.24822695035462
11560535,1119074,서울특별시,영등포구,영등포동,99.825,99.725,99.725,98.58156028368793,97.75413711583924,97.87234042553192
11305615,1109063,서울특별시,강북구,수유1동,92.225,89.625,89.375,35.69739952718676,18.203309692671397,17.73049645390071
11200590,1104059,서울특별시,성동구,금호1가동,90.65,90.575,89.9,23.167848699763592,25.295508274231675,21.27659574468085
11200615,1104072,서울특별시,성동구,금호2·3가동,92.975,91.95,91.625,42.90780141843972,34.2789598108747,32.62411347517731
11200620,1104062,서울특별시,성동구,금호4가동,90.9,89.825,89.7,25.059101654846334,20.094562647754138,19.62174940898345
11200645,1104073,서울특별시,성동구,옥수동,94.55,94.1,93.1,54.1371158392435,52.12765957446809,43.498817966903076
11200650,1104065,서울특별시,성동구,성수1가1동,91.325,93.8,96.15,28.60520094562648,49.1725768321513,68.2033096926714
11200660,1104066,서울특별시,성동구,성수1가2동,90.2,95.5,98.025,19.38534278959811,63.593380614657214,83.21513002364065
11200690,1104068,서울특별시,성동구,성수2가3동,95.925,99.075,99.6,66.903073286052,92.5531914893617,96.6903073286052
11200670,1104067,서울특별시,성동구,성수2가1동,90.45,93.925,95.975,21.631205673758867,50.59101654846335,67.02127659574468
11200720,1104069,서울특별시,성동구,송정동,87.4,87.375,91.1,2.3640661938534278,4.491725768321513,29.078014184397162
11140540,1102054,서울특별시,중구,회현동,99.725,99.625,99.325,97.87234042553192,96.57210401891253,94.68085106382979
11170560,1103072,서울특별시,용산구,원효로1동,89.675,93.35,95.425,15.011820330969266,45.62647754137116,61.938534278959814
11170570,1103057,서울특별시,용산구,원효로2동,89.975,91.17500000000001,91.775,16.430260047281322,29.78723404255319,33.687943262411345
11110600,1101060,서울특별시,종로구,가회동,89.35,88.75,91.725,12.76595744680851,12.293144208037825,33.09692671394799
11110615,1101061,서울특별시,종로구,종로1·2·3·4가동,100.0,99.9,99.9,99.88179669030734,99.29078014184397,99.17257683215131
11290660,1108066,서울특별시,성북구,길음1동,96.025,96.575,93.69999999999999,67.84869976359337,71.15839243498819,49.1725768321513
11110710,1101071,서울특별시,종로구,숭인2동,95.05,91.55,93.15,58.86524822695035,32.505910165484636,44.089834515366434
11110580,1101058,서울특별시,종로구,교남동,88.975,88.825,88.05,10.520094562647754,13.47517730496454,9.810874704491725
11110560,1101056,서울특별시,종로구,평창동,91.94999999999999,90.85,88.275,33.09692671394799,28.01418439716312,11.82033096926714
11410640,1113064,서울특별시,서대문구,홍제3동,95.125,92.375,91.175,59.810874704491724,38.17966903073286,29.78723404255319
11740570,1125072,서울특별시,강동구,암사1동,97.35,96.55,94.975,77.54137115839244,70.92198581560284,58.74704491725768
11170640,1103064,서울특별시,용산구,이촌2동,86.75,84.225,85.325,0.7092198581560284,0.4728132387706856,1.4184397163120568
11170650,1103065,서울특별시,용산구,이태원1동,87.9,90.35,96.575,4.491725768321513,23.995271867612296,71.63120567375887
11110690,1101069,서울특별시,종로구,창신3동,85.15,82.475,81.75,0.2364066193853428,0.0,0.2364066193853428
11110670,1101067,서울특별시,종로구,창신1동,93.15,90.525,90.65,44.680851063829785,25.059101654846334,26.713947990543733
11110680,1101068,서울특별시,종로구,창신2동,87.35,86.125,86.575,1.8912529550827424,1.4184397163120568,3.309692671394799
11230730,1106073,서울특별시,동대문구,휘경2동,91.9,91.075,94.075,32.269503546099294,29.078014184397162,51.6548463356974
11320522,1110065,서울특별시,도봉구,도봉2동,96.15,92.375,89.75,68.5579196217494,38.17966903073286,19.858156028368796
11320521,1110064,서울특별시,도봉구,도봉1동,98.275,93.425,89.475,85.81560283687944,46.09929078014184,18.321513002364064
11410585,1113075,서울특별시,서대문구,신촌동,99.3,99.275,99.9,94.79905437352247,94.08983451536643,99.17257683215131
11230560,1106083,서울특별시,동대문구,전농1동,99.275,98.1,97.925,94.32624113475178,83.92434988179669,82.50591016548464
11410660,1113066,서울특별시,서대문구,홍은1동,89.975,89.225,88.3,16.430260047281322,16.07565011820331,12.056737588652481
11290600,1108060,서울특별시,성북구,안암동,93.025,93.85,99.025,43.498817966903076,50.0,91.725768321513
11350570,1111052,서울특별시,노원구,월계2동,92.525,90.9,90.45,38.297872340425535,28.60520094562648,24.822695035460992
11350580,1111053,서울특별시,노원구,월계3동,95.975,94.8,93.175,67.61229314420804,57.328605200945624,44.56264775413711
11350560,1111051,서울특별시,노원구,월계1동,94.5,93.025,95.075,53.78250591016549,42.90780141843972,59.456264775413715
11740610,1125073,서울특별시,강동구,천호2동,99.275,98.05,96.725,94.32624113475178,83.68794326241135,72.81323877068559
11215810,1105063,서울특별시,광진구,광장동,96.85,97.95,95.15,74.23167848699764,83.21513002364065,59.9290780141844
11215847,1105067,서울특별시,광진구,자양4동,94.95,96.10000000000001,97.9,58.156028368794324,67.37588652482269,82.26950354609929
11215840,1105066,서울특별시,광진구,자양3동,97.2,97.225,97.225,75.88652482269504,77.6595744680851,77.18676122931441
11500540,1116073,서울특별시,강서구,화곡1동,98.075,97.07499999999999,97.425,84.63356973995272,76.12293144208037,78.72340425531915
11650581,1122060,서울특별시,서초구,반포4동,99.8,99.65,99.075,98.22695035460993,97.04491725768321,91.96217494089835
11650530,1122053,서울특별시,서초구,서초3동,99.9,99.9,99.8,99.29078014184397,99.29078014184397,98.3451536643026
11650531,1122054,서울특별시,서초구,서초4동,97.125,98.725,99.25,75.29550827423168,89.36170212765957,93.85342789598108
11650510,1122051,서울특별시,서초구,서초1동,98.025,98.475,97.775,84.04255319148936,87.82505910165484,81.4420803782506
11650520,1122052,서울특별시,서초구,서초2동,97.7,99.35,99.45,81.32387706855792,94.56264775413712,95.39007092198581
11500640,1116071,서울특별시,강서구,방화2동,96.92500000000001,97.14999999999999,97.125,74.46808510638297,76.8321513002364,76.71394799054374
11500620,1116069,서울특별시,강서구,공항동,96.55,98.35,97.525,71.04018912529551,86.52482269503547,79.7872340425532
11530510,1117051,서울특별시,구로구,신도림동,95.875,97.45,97.25,66.19385342789597,78.84160756501181,77.6595744680851
11530530,1117071,서울특별시,구로구,구로2동,97.45,98.175,96.175,78.95981087470449,84.98817966903073,68.79432624113475
11530520,1117052,서울특별시,구로구,구로1동,88.75,90.225,90.575,9.219858156028367,23.286052009456267,26.12293144208038
11530540,1117054,서울특별시,구로구,구로3동,97.85,99.375,99.475,82.38770685579196,95.0354609929078,95.74468085106383
11380552,1112056,서울특별시,은평구,갈현2동,92.9,92.35,91.425,41.371158392434985,37.234042553191486,31.560283687943265
11440680,1114068,서울특별시,마포구,합정동,90.225,92.25,97.025,19.976359338061467,36.05200945626478,75.177304964539
11440690,1114069,서울특별시,마포구,망원1동,93.925,93.55,96.7,50.23640661938534,46.6903073286052,72.57683215130024
11440700,1114070,서울특별시,마포구,망원2동,91.05,91.05,92.475,26.004728132387704,28.841607565011824,38.88888888888889
11440710,1114071,서울특별시,마포구,연남동,88.975,89.875,96.875,10.520094562647754,20.33096926713948,73.87706855791963
11440655,1114076,서울특별시,마포구,서강동,92.85,94.675,98.625,40.543735224586285,55.910165484633566,88.65248226950354
11440660,1114066,서울특별시,마포구,서교동,99.05,99.7,99.95,92.19858156028369,97.39952718676122,99.64539007092199
11560515,1119073,서울특별시,영등포구,영등포본동,94.75,93.92500000000001,94.7,55.673758865248224,50.82742316784869,56.6193853427896
11260565,1107071,서울특별시,중랑구,면목본동,96.725,95.95,95.175,73.1678486997636,66.31205673758865,60.28368794326241
11260575,1107072,서울특별시,중랑구,면목3·8동,95.95,95.1,94.3,67.25768321513003,59.9290780141844,53.42789598108747
11305535,1109070,서울특별시,강북구,미아동,95.725,92.975,92.8,65.13002364066193,42.198581560283685,41.48936170212766
11650580,1122059,서울특별시,서초구,반포3동,95.325,96.25,93.3,60.99290780141844,68.79432624113475,45.508274231678485
11650540,1122055,서울특별시,서초구,잠원동,95.15,97.9,97.05,60.28368794326241,82.74231678486997,75.53191489361703
11650570,1122058,서울특별시,서초구,반포2동,95.65,96.6,93.67500000000001,64.30260047281324,71.39479905437352,48.93617021276596
11650560,1122057,서울특별시,서초구,반포1동,94.875,97.6,97.575,57.68321513002365,80.26004728132388,80.37825059101655
11110530,1101053,서울특별시,종로구,사직동,97.475,98.95,98.625,79.3144208037825,91.37115839243499,88.65248226950354
11260540,1107054,서울특별시,중랑구,면목4동,91.25,90.125,89.125,27.89598108747045,22.576832151300234,16.07565011820331
11260550,1107055,서울특별시,중랑구,면목5동,88.94999999999999,88.45,87.775,10.16548463356974,10.401891252955082,8.274231678486997
11260520,1107052,서울특별시,중랑구,면목2동,93.35,92.975,91.775,45.15366430260047,42.198581560283685,33.687943262411345
11200535,1104071,서울특별시,성동구,왕십리도선동,98.0,97.85,98.05,83.68794326241135,82.15130023640663,83.68794326241135
11200520,1104052,서울특별시,성동구,왕십리2동,89.225,88.65,90.02499999999999,11.82033096926714,11.465721040189125,22.69503546099291
11140570,1102057,서울특별시,중구,필동,93.075,95.95,97.45,44.32624113475177,66.31205673758865,79.07801418439716
11215730,1105054,서울특별시,광진구,군자동,91.225,92.575,98.1,27.659574468085108,39.71631205673759,84.16075650118204
11230536,1106081,서울특별시,동대문구,용신동,99.8,98.7,98.25,98.22695035460993,89.00709219858156,85.46099290780141
11230545,1106082,서울특별시,동대문구,제기동,99.7,96.725,97.05,97.51773049645391,73.64066193853428,75.53191489361703
11215820,1105064,서울특별시,광진구,자양1동,92.95,93.8,95.67500000000001,42.31678486997636,49.1725768321513,64.53900709219859
11215710,1105053,서울특별시,광진구,화양동,94.25,96.225,99.7,52.95508274231678,68.32151300236407,97.51773049645391
11710632,1124067,서울특별시,송파구,가락2동,94.75,95.1,93.025,55.673758865248224,59.9290780141844,42.78959810874704
11410690,1113069,서울특별시,서대문구,남가좌1동,90.025,88.7,88.2,17.73049645390071,11.82033096926714,11.229314420803782
11110515,1101072,서울특별시,종로구,청운효자동,90.575,92.375,93.3,22.458628841607563,38.17966903073286,45.508274231678485
11440630,1114063,서울특별시,마포구,신수동,92.25,92.35,93.475,36.05200945626478,37.234042553191486,47.5177304964539
11440600,1114060,서울특별시,마포구,대흥동,92.8,94.4,98.4,39.952718676122934,54.37352245862884,87.11583924349881
11710646,1124081,서울특별시,송파구,장지동,95.175,95.875,94.9,60.520094562647756,65.95744680851064,57.801418439716315
11560610,1119061,서울특별시,영등포구,양평1동,90.975,93.7,94.975,25.295508274231675,47.99054373522459,58.74704491725768
11560620,1119062,서울특별시,영등포구,양평2동,91.075,95.3,96.5,26.713947990543733,61.702127659574465,71.39479905437352
11170580,1103058,서울특별시,용산구,효창동,87.7,87.375,89.1,3.7825059101654848,4.491725768321513,15.839243498817968
11170590,1103059,서울특별시,용산구,용문동,88.7,87.7,88.5,8.983451536643026,5.791962174940898,13.002364066193852
11170625,1103073,서울특별시,용산구,한강로동,99.525,99.8,99.85,96.33569739952719,98.46335697399527,98.69976359338062
11710642,1124069,서울특별시,송파구,문정2동,98.975,99.725,99.425,91.37115839243499,97.75413711583924,95.0354609929078
11710647,1124082,서울특별시,송파구,위례동,95.5,98.14999999999999,96.025,61.938534278959814,84.16075650118204,67.61229314420804
11710710,1124077,서울특별시,송파구,잠실6동,99.35,99.625,99.65,95.27186761229315,96.57210401891253,97.04491725768321
11710690,1124075,서울특별시,송파구,잠실4동,93.25,93.425,90.55,44.91725768321513,46.09929078014184,25.53191489361702
11710520,1124052,서울특별시,송파구,풍납2동,98.35,97.6,95.925,86.99763593380615,80.26004728132388,66.548463356974
11290610,1108061,서울특별시,성북구,보문동,91.675,91.8,93.8,31.44208037825059,33.56973995271868,49.40898345153664
11710641,1124068,서울특별시,송파구,문정1동,93.825,95.225,94.9,48.817966903073284,61.111111111111114,57.801418439716315
11470550,1115071,서울특별시,양천구,목5동,95.725,97.625,93.9,65.13002364066193,80.6146572104019,50.23640661938534
11470530,1115053,서울특별시,양천구,목3동,90.025,88.8,89.075,17.73049645390071,13.238770685579196,15.602836879432624
11470580,1115059,서울특별시,양천구,신월3동,88.325,87.925,87.35,6.1465721040189125,6.619385342789598,6.8557919621749415
11470590,1115060,서울특별시,양천구,신월4동,87.65,87.05,85.625,3.4278959810874707,2.8368794326241136,1.8912529550827424
11470600,1115061,서울특별시,양천구,신월5동,88.9,88.4,87.375,9.692671394799055,10.047281323877069,7.092198581560284
11470510,1115051,서울특별시,양천구,목1동,95.35,98.375,96.425,61.22931442080378,86.7612293144208,70.33096926713948
11680656,1123067,서울특별시,강남구,도곡2동,96.45,97.57499999999999,94.375,70.2127659574468,79.66903073286052,54.018912529550825
11680655,1123066,서울특별시,강남구,도곡1동,99.25,98.975,98.025,93.85342789598108,91.725768321513,83.21513002364065
11710650,1124071,서울특별시,송파구,잠실본동,98.35,98.2,98.3,86.99763593380615,85.34278959810875,86.05200945626478
11470520,1115052,서울특별시,양천구,목2동,94.575,95.075,94.5,54.60992907801418,59.33806146572104,54.60992907801418
11470620,1115064,서울특별시,양천구,신정1동,89.3,89.675,87.85,12.174940898345152,19.030732860520093,8.628841607565011
11680720,1123072,서울특별시,강남구,일원본동,96.1,95.825,92.8,68.32151300236407,65.60283687943263,41.48936170212766
11410520,1113052,서울특별시,서대문구,천연동,91.075,90.125,89.55,26.713947990543733,22.576832151300234,18.79432624113475
11410555,1113074,서울특별시,서대문구,북아현동,88.575,93.025,94.125,8.39243498817967,42.90780141843972,52.4822695035461
11410565,1113073,서울특별시,서대문구,충현동,97.25,99.225,99.125,76.35933806146572,93.49881796690308,92.78959810874704
11410655,1113065,서울특별시,서대문구,홍제2동,88.4,87.375,86.82499999999999,6.619385342789598,4.491725768321513,4.0189125295508275
11410620,1113062,서울특별시,서대문구,홍제1동,96.375,94.5,92.7,69.8581560283688,54.84633569739953,40.30732860520095
11290555,1108082,서울특별시,성북구,삼선동,95.65,95.82499999999999,96.475,64.30260047281324,65.24822695035462,71.04018912529551
11290620,1108062,서울특별시,성북구,정릉1동,89.55,88.775,88.2,14.184397163120568,12.884160756501181,11.229314420803782
11200790,1104070,서울특별시,성동구,용답동,91.475,92.175,94.075,29.66903073286052,35.1063829787234,51.6548463356974
11215750,1105056,서울특별시,광진구,중곡2동,94.05,93.575,94.575,51.41843971631206,47.16312056737589,55.55555555555556
11215770,1105058,서울특별시,광진구,중곡4동,96.675,95.225,93.975,72.3404255319149,61.111111111111114,50.82742316784869
11215760,1105057,서울특별시,광진구,중곡3동,90.75,89.775,90.425,24.231678486997634,19.858156028368796,24.231678486997634
11215740,1105055,서울특별시,광진구,중곡1동,90.225,90.6,92.7,19.976359338061467,25.65011820330969,40.30732860520095
11215780,1105059,서울특별시,광진구,능동,91.925,90.7,94.8,32.62411347517731,27.06855791962175,56.973995271867615
11215850,1105060,서울특별시,광진구,구의1동,92.1,94.025,95.9,34.63356973995272,51.77304964539007,66.07565011820331
11440565,1114077,서울특별시,마포구,공덕동,98.15,98.45,97.95,84.98817966903073,87.47044917257683,82.74231678486997
11440555,1114078,서울특별시,마포구,아현동,93.975,95.475,95.425,50.82742316784869,63.23877068557919,61.938534278959814
11440610,1114061,서울특별시,마포구,염리동,92.6,95.1,95.6,38.77068557919622,59.9290780141844,63.593380614657214
11110630,1101063,서울특별시,종로구,종로5·6가동,98.45,96.675,95.45,88.0614657210402,72.45862884160756,62.529550827423165
11500520,1116052,서울특별시,강서구,등촌1동,92.85,95.07499999999999,96.675,40.543735224586285,59.10165484633569,72.3404255319149
11470610,1115062,서울특별시,양천구,신월6동,86.825,85.6,82.95,0.9456264775413712,0.8274231678486997,0.4728132387706856
11470611,1115063,서울특별시,양천구,신월7동,92.1,90.35,88.825,34.63356973995272,23.995271867612296,14.184397163120568
11470570,1115058,서울특별시,양천구,신월2동,88.5,87.65,86.775,7.328605200945626,5.4373522458628845,3.664302600472813
11140590,1102059,서울특별시,중구,광희동,96.725,98.175,98.7,73.1678486997636,84.98817966903073,89.47990543735224
11290590,1108059,서울특별시,성북구,돈암2동,87.45,86.975,85.55,2.6004728132387704,2.6004728132387704,1.6548463356973995
11290580,1108058,서울특별시,성북구,돈암1동,89.35,87.95,87.1,12.76595744680851,6.973995271867612,5.791962174940898
11290630,1108063,서울특별시,성북구,정릉2동,93.425,92.225,92.025,45.744680851063826,35.57919621749409,35.57919621749409
11290575,1108083,서울특별시,성북구,동선동,93.4,94.875,97.775,45.39007092198582,58.274231678487,81.4420803782506
11290525,1108081,서울특별시,성북구,성북동,95.0,95.125,93.975,58.62884160756501,60.63829787234043,50.82742316784869
11560690,1119069,서울특별시,영등포구,신길7동,89.625,90.45,90.75,14.420803782505912,24.58628841607565,27.541371158392437
11560680,1119068,서울특별시,영등포구,신길6동,93.875,94.175,93.625,49.527186761229316,52.95508274231678,48.58156028368794
11560710,1119071,서울특별시,영등포구,대림2동,91.75,95.475,93.25,31.796690307328607,63.23877068557919,44.91725768321513
11560700,1119070,서울특별시,영등포구,대림1동,91.6,91.9,90.45,30.49645390070922,34.04255319148936,24.822695035460992
11560670,1119067,서울특별시,영등포구,신길5동,87.57499999999999,86.7,85.7,3.0732860520094563,1.6548463356973995,2.3640661938534278
11560720,1119072,서울특별시,영등포구,대림3동,95.575,96.97500000000001,95.05,63.35697399527187,74.94089834515366,59.10165484633569
11590510,1120072,서울특별시,동작구,노량진1동,95.55,95.375,98.1,62.64775413711584,62.64775413711584,84.16075650118204
11590520,1120052,서울특별시,동작구,노량진2동,94.05000000000001,93.1,94.9,51.77304964539007,43.498817966903076,57.801418439716315
11590530,1120053,서울특별시,동작구,상도1동,97.6,96.475,98.3,80.37825059101655,70.2127659574468,86.05200945626478
11410710,1113071,서울특별시,서대문구,북가좌1동,89.675,89.725,88.025,15.011820330969266,19.38534278959811,9.33806146572104
11380560,1112057,서울특별시,은평구,구산동,95.375,94.85,92.6,61.58392434988179,57.919621749408975,39.71631205673759
11560630,1119063,서울특별시,영등포구,신길1동,93.45,93.125,94.275,46.09929078014184,43.85342789598109,53.191489361702125
11710566,1124059,서울특별시,송파구,오륜동,94.225,93.55,93.35,52.71867612293144,46.6903073286052,46.21749408983452
11710561,1124057,서울특별시,송파구,방이1동,92.45,93.32499999999999,92.05,37.5886524822695,45.15366430260047,35.9338061465721
11710562,1124058,서울특별시,송파구,방이2동,97.275,98.225,99.1,76.8321513002364,85.69739952718676,92.19858156028369
11710510,1124051,서울특별시,송파구,풍납1동,90.175,88.75,88.2,19.148936170212767,12.293144208037825,11.229314420803782
11170555,1103071,서울특별시,용산구,청파동,92.375,94.35,97.1,37.11583924349882,54.018912529550825,76.35933806146572
11710570,1124060,서울특별시,송파구,오금동,98.75,98.15,95.15,90.0709219858156,84.51536643026006,59.9290780141844
11710532,1124054,서울특별시,송파구,거여2동,93.425,92.625,91.1,45.744680851063826,40.189125295508276,29.078014184397162
11500510,1116051,서울특별시,강서구,염창동,94.1,96.25,96.4,52.24586288416076,68.79432624113475,69.97635933806147
11500630,1116070,서울특별시,강서구,방화1동,96.8,96.675,94.875,73.99527186761229,72.45862884160756,57.21040189125296
11110540,1101054,서울특별시,종로구,삼청동,86.925,87.825,88.975,1.1820330969267139,6.1465721040189125,15.130023640661939
11230740,1106089,서울특별시,동대문구,이문1동,92.825,93.425,98.775,40.189125295508276,46.09929078014184,90.30732860520094
11230750,1106090,서울특별시,동대문구,이문2동,92.475,90.325,89.775,37.825059101654844,23.64066193853428,20.44917257683215
11350600,1111056,서울특별시,노원구,공릉2동,97.375,97.9,98.225,77.77777777777779,82.74231678486997,85.1063829787234
11350595,1111079,서울특별시,노원구,공릉1동,99.025,97.675,97.35,91.96217494089835,80.85106382978722,78.4869976359338
11350611,1111058,서울특별시,노원구,하계1동,97.65,96.9,95.525,80.73286052009456,74.70449172576832,63.00236406619385
11350612,1111059,서울특별시,노원구,하계2동,88.4,88.375,87.05,6.619385342789598,9.692671394799055,5.4373522458628845
11350695,1111077,서울특별시,노원구,상계6·7동,99.625,98.875,97.67500000000001,97.04491725768321,90.66193853427896,81.08747044917257
11440590,1114059,서울특별시,마포구,용강동,92.05,95.30000000000001,93.9,33.80614657210402,61.938534278959814,50.23640661938534
11740620,1125063,서울특별시,강동구,천호3동,96.6,95.7,96.475,71.63120567375887,64.30260047281324,71.04018912529551
11560650,1119065,서울특별시,영등포구,신길3동,89.175,88.5,88.725,11.583924349881796,10.638297872340425,13.947990543735225
11560660,1119066,서울특별시,영등포구,신길4동,87.975,87.375,86.85,4.964539007092199,4.491725768321513,4.491725768321513
11110640,1101064,서울특별시,종로구,이화동,97.85,98.775,99.325,82.38770685579196,89.83451536643025,94.68085106382979
11740660,1125067,서울특별시,강동구,성내3동,99.175,98.425,97.075,92.90780141843972,87.2340425531915,76.00472813238771
11740600,1125061,서울특별시,강동구,천호1동,97.275,96.125,94.325,76.8321513002364,67.61229314420804,53.664302600472816
11110570,1101057,서울특별시,종로구,무악동,87.375,85.6,83.275,2.127659574468085,0.8274231678486997,0.7092198581560284
11110550,1101055,서울특별시,종로구,부암동,89.3,88.925,89.67500000000001,12.174940898345152,14.066193853427897,19.38534278959811
11680565,1123078,서울특별시,강남구,청담동,97.875,99.1,99.125,82.74231678486997,92.90780141843972,92.78959810874704
11680590,1123059,서울특별시,강남구,삼성2동,97.95,98.825,98.65,83.33333333333334,90.18912529550828,89.12529550827422
11680580,1123058,서울특별시,강남구,삼성1동,98.375,99.75,99.7,87.58865248226951,98.10874704491725,97.51773049645391
11680610,1123079,서울특별시,강남구,대치2동,98.45,99.375,98.875,88.0614657210402,95.0354609929078,91.01654846335697
11680600,1123060,서울특별시,강남구,대치1동,95.55,97.15,92.525,62.64775413711584,77.06855791962175,39.2434988179669
11680630,1123063,서울특별시,강남구,대치4동,97.15,99.225,98.7,75.65011820330969,93.49881796690308,89.47990543735224
11680545,1123077,서울특별시,강남구,압구정동,99.4,99.25,99.45,95.50827423167848,93.85342789598108,95.39007092198581
11680510,1123051,서울특별시,강남구,신사동,97.675,98.55,99.125,81.08747044917257,88.17966903073287,92.78959810874704
11680531,1123053,서울특별시,강남구,논현2동,98.35,99.45,99.57499999999999,86.99763593380615,95.50827423167848,96.45390070921985
11680521,1123052,서울특별시,강남구,논현1동,96.55,98.875,99.65,71.04018912529551,90.66193853427896,97.04491725768321
11140605,1102060,서울특별시,중구,을지로동,95.575,97.325,97.075,63.35697399527187,78.25059101654847,76.00472813238771
11140645,1102072,서울특별시,중구,청구동,87.65,86.775,88.0,3.4278959810874707,1.8912529550827424,8.983451536643026
11140665,1102073,서울특별시,중구,동화동,90.025,89.4,89.775,17.73049645390071,16.548463356973993,20.44917257683215
11140650,1102065,서울특별시,중구,신당5동,89.7,88.3,89.15,15.36643026004728,9.456264775413711,16.312056737588655
11140635,1102071,서울특별시,중구,약수동,92.69999999999999,90.7,91.325,39.00709219858156,27.06855791962175,30.851063829787233
11140625,1102070,서울특별시,중구,다산동,92.175,91.375,93.15,35.46099290780142,30.851063829787233,44.089834515366434
11140615,1102069,서울특별시,중구,신당동,95.125,96.7,97.6,59.810874704491724,73.1678486997636,80.6146572104019
11140670,1102067,서울특별시,중구,황학동,91.075,90.5,93.275,26.713947990543733,24.822695035460992,45.15366430260047
11380600,1112073,서울특별시,은평구,응암3동,96.225,93.67500000000001,92.45,68.79432624113475,47.75413711583924,38.4160756501182
11380625,1112074,서울특별시,은평구,역촌동,98.575,97.225,95.525,89.12529550827422,77.6595744680851,63.00236406619385
11440585,1114075,서울특별시,마포구,도화동,92.775,94.9,95.825,39.71631205673759,58.62884160756501,65.60283687943263
11305575,1109073,서울특별시,강북구,삼각산동,91.65,91.625,89.275,31.20567375886525,33.09692671394799,17.02127659574468
11305603,1109061,서울특별시,강북구,번2동,92.15,89.125,88.325,35.22458628841608,15.24822695035461,12.411347517730496
11680700,1123076,서울특별시,강남구,세곡동,97.8,97.7,96.25,81.56028368794325,81.20567375886525,69.26713947990544
11680670,1123080,서울특별시,강남구,개포2동,95.75,96.325,93.32499999999999,65.48463356973994,69.26713947990544,45.8628841607565
11380570,1112058,서울특별시,은평구,대조동,99.7,99.0,98.1,97.51773049645391,92.08037825059102,84.16075650118204
11380580,1112059,서울특별시,은평구,응암1동,96.5,96.02499999999999,94.675,70.56737588652481,66.66666666666666,56.26477541371159
11380590,1112060,서울특별시,은평구,응암2동,90.75,91.375,89.95,24.231678486997634,30.851063829787233,21.98581560283688
11110650,1101073,서울특별시,종로구,혜화동,92.95,95.025,98.95,42.31678486997636,58.86524822695035,91.48936170212765
11200540,1104054,서울특별시,성동구,마장동,94.9,94.725,94.9,57.919621749408975,56.85579196217494,57.801418439716315
11200550,1104055,서울특별시,성동구,사근동,90.7,92.275,98.92500000000001,23.87706855791962,36.40661938534279,91.25295508274232
11200570,1104057,서울특별시,성동구,행당2동,91.92500000000001,91.55,91.2,32.860520094562645,32.505910165484636,30.023640661938533
11200560,1104056,서울특별시,성동구,행당1동,97.275,97.475,98.3,76.8321513002364,79.19621749408984,86.05200945626478
11200580,1104058,서울특별시,성동구,응봉동,88.55,88.05,86.875,7.919621749408984,7.68321513002364,4.964539007092199
11500615,1116074,서울특별시,강서구,우장산동,95.575,96.25,95.25,63.35697399527187,68.79432624113475,60.87470449172577
11500570,1116059,서울특별시,강서구,화곡4동,90.0,89.05,88.95,17.02127659574468,14.893617021276595,14.893617021276595
11500590,1116055,서울특별시,강서구,화곡본동,94.775,94.0,95.575,56.14657210401891,51.41843971631206,63.35697399527187
11500593,1116063,서울특별시,강서구,화곡8동,98.875,98.75,98.475,90.66193853427896,89.59810874704492,87.47044917257683
11500591,1116061,서울특별시,강서구,화곡6동,93.075,94.175,95.425,44.32624113475177,52.95508274231678,61.938534278959814
11500560,1116058,서울특별시,강서구,화곡3동,94.05,92.225,92.725,51.41843971631206,35.57919621749409,41.01654846335697
11500605,1116066,서울특별시,강서구,가양3동,89.35,88.6,90.85000000000001,12.76595744680851,10.874704491725769,28.132387706855795
11500604,1116065,서울특별시,강서구,가양2동,92.925,89.17500000000001,90.575,41.843971631205676,15.602836879432624,26.12293144208038
11470540,1115054,서울특별시,양천구,목4동,91.425,92.95,91.475,29.196217494089833,41.60756501182033,32.03309692671395
11500535,1116054,서울특별시,강서구,등촌3동,99.225,98.825,98.4,93.3806146572104,90.18912529550828,87.11583924349881
11500550,1116057,서울특별시,강서구,화곡2동,89.05,88.25,88.075,11.11111111111111,9.219858156028367,10.16548463356974
11680660,1123068,서울특별시,강남구,개포1동,94.825,95.375,91.575,57.09219858156028,62.64775413711584,32.38770685579196
11680690,1123071,서울특별시,강남구,개포4동,91.625,92.75,91.475,30.851063829787233,40.66193853427896,32.03309692671395
11320680,1110053,서울특별시,도봉구,쌍문3동,92.35,89.625,90.0,36.7612293144208,18.203309692671397,22.340425531914892
11320710,1110057,서울특별시,도봉구,방학3동,94.575,91.575,89.025,54.60992907801418,32.860520094562645,15.36643026004728
11320700,1110056,서울특별시,도봉구,방학2동,90.25,88.05,86.175,20.56737588652482,7.68321513002364,2.8368794326241136
11320690,1110055,서울특별시,도봉구,방학1동,96.675,95.75,93.075,72.3404255319149,64.65721040189125,43.262411347517734
11320512,1110060,서울특별시,도봉구,창2동,98.625,96.85,95.975,89.36170212765957,74.46808510638297,67.02127659574468
11320515,1110063,서울특별시,도봉구,창5동,93.675,92.45,91.775,47.5177304964539,39.00709219858156,33.687943262411345
11320514,1110062,서울특별시,도봉구,창4동,99.225,97.125,93.825,93.3806146572104,76.4775413711584,49.645390070921984
11320513,1110061,서울특별시,도봉구,창3동,88.675,87.425,85.65,8.747044917257684,5.200945626477541,2.127659574468085
11320511,1110059,서울특별시,도봉구,창1동,93.825,91.875,91.15,48.817966903073284,33.80614657210402,29.550827423167846
11140680,1102068,서울특별시,중구,중림동,88.55,91.475,92.7,7.919621749408984,31.44208037825059,40.30732860520095
11170690,1103069,서울특별시,용산구,서빙고동,91.075,92.925,91.4,26.713947990543733,41.25295508274232,31.20567375886525
11170700,1103070,서울특별시,용산구,보광동,87.125,86.85000000000001,87.575,1.5366430260047281,2.127659574468085,7.5650118203309695
11290685,1108068,서울특별시,성북구,길음2동,94.4,94.675,92.425,53.42789598108747,55.910165484633566,37.94326241134752
11290725,1108072,서울특별시,성북구,월곡2동,95.075,94.3,94.525,59.10165484633569,53.664302600472816,55.08274231678487
11290760,1108076,서울특별시,성북구,장위1동,93.7,93.15,91.825,47.75413711583924,44.2080378250591,34.515366430260045
11290770,1108077,서울특별시,성북구,장위2동,91.025,88.925,89.3,25.65011820330969,14.066193853427897,17.257683215130022
11290780,1108078,서울특별시,성북구,장위3동,88.425,87.9,87.275,7.092198581560284,6.382978723404255,6.501182033096926
11290810,1108085,서울특별시,성북구,석관동,96.35,94.35,94.525,69.3853427895981,54.018912529550825,55.08274231678487
11305545,1109071,서울특별시,강북구,송중동,98.7,97.125,96.0,89.83451536643025,76.4775413711584,67.37588652482269
11305555,1109072,서울특별시,강북구,송천동,98.65,96.675,94.175,89.59810874704492,72.45862884160756,52.95508274231678
11305534,1109069,서울특별시,강북구,삼양동,93.05,91.525,90.375,43.85342789598109,31.914893617021278,23.64066193853428
11470560,1115057,서울특별시,양천구,신월1동,91.975,90.625,89.9,33.33333333333333,26.12293144208038,21.27659574468085
11500530,1116053,서울특별시,강서구,등촌2동,89.85,90.05,91.275,15.957446808510639,21.749408983451538,30.49645390070922
11650590,1122061,서울특별시,서초구,방배본동,92.4,93.2,91.325,37.35224586288416,44.79905437352246,30.851063829787233
11650621,1122065,서울특별시,서초구,방배4동,95.8,96.2,94.7,65.72104018912529,68.08510638297872,56.6193853427896
11650600,1122062,서울특별시,서초구,방배1동,93.6,94.15,94.525,47.28132387706856,52.4822695035461,55.08274231678487
11650610,1122063,서울특별시,서초구,방배2동,94.725,93.075,94.375,55.319148936170215,43.262411347517734,54.018912529550825
11260680,1107069,서울특별시,중랑구,신내1동,98.25,97.75,95.375,85.57919621749409,81.56028368794325,61.46572104018912
11740700,1125071,서울특별시,강동구,둔촌2동,97.9,96.17500000000001,94.05,82.97872340425532,67.84869976359337,51.30023640661938
11740590,1125059,서울특별시,강동구,암사3동,90.65,90.625,88.85,23.167848699763592,26.12293144208038,14.420803782505912
11740580,1125058,서울특별시,강동구,암사2동,91.525,90.775,90.57499999999999,30.260047281323878,27.659574468085108,25.768321513002363
11305660,1109075,서울특별시,강북구,인수동,96.575,93.82499999999999,91.675,71.39479905437352,49.645390070921984,32.860520094562645
11305635,1109065,서울특별시,강북구,수유3동,97.125,96.05,96.95,75.29550827423168,67.13947990543736,74.70449172576832
11305645,1109074,서울특별시,강북구,우이동,97.55,94.65,91.8,80.02364066193853,55.55555555555556,34.2789598108747
11680750,1123075,서울특별시,강남구,수서동,98.225,96.5,95.625,85.34278959810875,70.56737588652481,63.829787234042556
11140580,1102058,서울특별시,중구,장충동,90.125,92.3,95.65,18.55791962174941,36.64302600472813,64.0661938534279
11320670,1110052,서울특별시,도봉구,쌍문2동,94.02499999999999,92.25,91.225,51.06382978723404,36.05200945626478,30.260047281323878
11320660,1110051,서울특별시,도봉구,쌍문1동,92.1,89.625,90.775,34.63356973995272,18.203309692671397,27.89598108747045
11320681,1110054,서울특별시,도봉구,쌍문4동,90.225,89.125,87.275,19.976359338061467,15.24822695035461,6.501182033096926
11710531,1124053,서울특별시,송파구,거여1동,90.325,89.475,88.55,21.04018912529551,17.73049645390071,13.59338061465721
11710540,1124055,서울특별시,송파구,마천1동,89.85,88.65,86.85,15.957446808510639,11.465721040189125,4.491725768321513
11710550,1124056,서울특별시,송파구,마천2동,92.9,90.875,88.1,41.371158392434985,28.368794326241137,10.401891252955082
11740530,1125053,서울특별시,강동구,명일1동,98.525,96.625,93.425,88.65248226950354,71.63120567375887,46.92671394799054
11740540,1125054,서울특별시,강동구,명일2동,92.35,91.25,88.55,36.7612293144208,30.260047281323878,13.59338061465721
11170510,1103051,서울특별시,용산구,후암동,88.4,88.625,90.7,6.619385342789598,11.11111111111111,26.95035460992908
11170520,1103052,서울특별시,용산구,용산2가동,87.8,88.025,93.05,4.0189125295508275,7.328605200945626,43.02600472813239
11170530,1103053,서울특별시,용산구,남영동,91.9,95.275,96.775,32.269503546099294,61.46572104018912,73.40425531914893
11530790,1117069,서울특별시,구로구,수궁동,92.875,92.05,90.325,40.8983451536643,34.515366430260045,23.404255319148938
11545510,1118051,서울특별시,금천구,가산동,97.4,99.85000000000001,99.75,78.36879432624113,98.81796690307328,98.10874704491725
11545630,1118054,서울특별시,금천구,독산3동,89.5,90.1,90.0,13.947990543735225,22.10401891252955,22.340425531914892
11545620,1118053,서울특별시,금천구,독산2동,87.975,87.7,87.575,4.964539007092199,5.791962174940898,7.5650118203309695
11545610,1118052,서울특별시,금천구,독산1동,96.75,98.325,98.2,73.5224586288416,86.28841607565012,84.75177304964538
11545640,1118055,서울특별시,금천구,독산4동,90.8,91.325,91.1,24.58628841607565,30.49645390070922,29.078014184397162
11545670,1118057,서울특별시,금천구,시흥1동,96.625,96.675,95.325,71.8676122931442,72.45862884160756,61.22931442080378
11170630,1103063,서울특별시,용산구,이촌1동,94.825,94.525,91.775,57.09219858156028,55.08274231678487,33.687943262411345
11710720,1124078,서울특별시,송파구,잠실7동,89.4,88.15,88.2,13.238770685579196,8.274231678486997,11.229314420803782
11710680,1124080,서울특별시,송파구,잠실3동,99.525,98.9,98.2,96.33569739952719,91.01654846335697,84.75177304964538
11710670,1124079,서울특별시,송파구,잠실2동,94.775,97.025,95.075,56.14657210401891,75.53191489361703,59.456264775413715
11590640,1120065,서울특별시,동작구,사당3동,91.275,89.2,90.25,28.132387706855795,15.839243498817968,22.93144208037825
11590630,1120073,서울특별시,동작구,사당2동,99.475,97.275,96.45,95.98108747044918,78.01418439716312,70.6855791962175
11590620,1120063,서울특별시,동작구,사당1동,95.9,95.1,97.0,66.548463356974,59.9290780141844,74.94089834515366
11590660,1120068,서울특별시,동작구,대방동,98.3,97.7,97.525,86.17021276595744,81.20567375886525,79.7872340425532
11740560,1125056,서울특별시,강동구,고덕2동,92.0,94.7,91.925,33.56973995271868,56.38297872340425,34.751773049645394
11740550,1125055,서울특별시,강동구,고덕1동,91.3,93.65,89.475,28.368794326241137,47.5177304964539,18.321513002364064
11740685,1125074,서울특별시,강동구,길동,100.0,99.8,99.225,99.88179669030734,98.46335697399527,93.61702127659575
11740690,1125070,서울특별시,강동구,둔촌1동,89.075,89.45,85.89999999999999,11.347517730496454,17.375886524822697,2.6004728132387704
11230610,1106086,서울특별시,동대문구,답십리2동,94.075,93.85,92.725,52.00945626477541,50.0,41.01654846335697
11230650,1106087,서울특별시,동대문구,장안1동,97.4,97.55,96.775,78.36879432624113,79.43262411347519,73.40425531914893
11230660,1106088,서울특별시,동대문구,장안2동,96.975,97.45,96.15,74.822695035461,78.84160756501181,68.2033096926714
11230705,1106080,서울특별시,동대문구,청량리동,97.80000000000001,92.8,92.075,81.7966903073286,40.8983451536643,36.17021276595745
11350621,1111061,서울특별시,노원구,중계1동,91.075,93.9,88.9,26.713947990543733,50.35460992907801,14.657210401891252
11350630,1111065,서울특별시,노원구,상계1동,98.85,96.45,93.175,90.30732860520094,69.97635933806147,44.56264775413711
11350670,1111069,서울특별시,노원구,상계5동,92.5,90.2,88.325,38.061465721040186,22.93144208037825,12.411347517730496
11350665,1111076,서울특별시,노원구,상계3·4동,95.85,93.125,89.775,65.95744680851064,43.85342789598109,20.44917257683215
11350720,1111074,서울특별시,노원구,상계10동,87.975,87.375,88.05,4.964539007092199,4.491725768321513,9.810874704491725
11215860,1105061,서울특별시,광진구,구의2동,94.575,94.6,93.125,54.60992907801418,55.319148936170215,43.73522458628842
11215870,1105062,서울특별시,광진구,구의3동,97.325,97.9,96.875,77.30496453900709,82.74231678486997,73.87706855791963
11530550,1117055,서울특별시,구로구,구로4동,94.80000000000001,95.8,92.1,56.73758865248227,65.01182033096927,36.40661938534279
11530560,1117056,서울특별시,구로구,구로5동,99.15,98.95,98.525,92.67139479905437,91.37115839243499,87.82505910165484
11530595,1117070,서울특별시,구로구,가리봉동,86.475,87.2,87.75,0.4728132387706856,3.309692671394799,8.037825059101655
11530720,1117061,서울특별시,구로구,고척1동,96.05,96.5,95.925,68.08510638297872,70.56737588652481,66.548463356974
11530730,1117062,서울특별시,구로구,고척2동,90.45,89.65,88.025,21.631205673758867,18.67612293144208,9.33806146572104
11290640,1108064,서울특별시,성북구,정릉3동,88.3,87.95,94.6,5.91016548463357,6.973995271867612,55.7919621749409
11290650,1108065,서울특별시,성북구,정릉4동,92.975,91.45,91.95,42.90780141843972,31.20567375886525,34.988179669030735
11620715,1121071,서울특별시,관악구,난향동,87.5,87.1,85.1,2.8368794326241136,3.0732860520094563,0.9456264775413712
11620775,1121081,서울특별시,관악구,난곡동,90.3,89.275,89.625,20.803782505910164,16.312056737588655,19.148936170212767
11530760,1117065,서울특별시,구로구,개봉3동,95.675,95.125,92.55000000000001,64.77541371158392,60.63829787234043,39.479905437352244
11530740,1117072,서울특별시,구로구,개봉1동,96.675,95.675,94.14999999999999,72.3404255319149,64.0661938534279,52.71867612293144
11530750,1117064,서울특별시,구로구,개봉2동,94.175,92.4,92.45,52.4822695035461,38.77068557919622,38.4160756501182
11530770,1117067,서울특별시,구로구,오류1동,92.9,91.525,93.4,41.371158392434985,31.914893617021278,46.57210401891253
11260620,1107064,서울특별시,중랑구,묵1동,96.5,94.8,92.7,70.56737588652481,57.328605200945624,40.30732860520095
11260655,1107073,서울특별시,중랑구,망우본동,99.225,98.475,97.325,93.3806146572104,87.82505910165484,78.25059101654847
11260660,1107068,서울특별시,중랑구,망우3동,88.175,87.35,86.45,5.673758865248227,3.7825059101654848,3.0732860520094563
11260690,1107070,서울특별시,중랑구,신내2동,90.875,90.65,89.35,24.822695035460992,26.47754137115839,17.494089834515368
11740650,1125066,서울특별시,강동구,성내2동,97.225,95.75,96.1,76.12293144208037,64.65721040189125,67.84869976359337
11740640,1125065,서울특별시,강동구,성내1동,95.9,95.825,94.475,66.548463356974,65.60283687943263,54.37352245862884
11590670,1120069,서울특별시,동작구,신대방1동,93.0,92.55,93.425,43.262411347517734,39.361702127659576,46.92671394799054
11590680,1120070,서울특별시,동작구,신대방2동,98.30000000000001,97.025,96.75,86.52482269503547,75.53191489361703,73.04964539007092
11560560,1119056,서울특별시,영등포구,당산2동,95.1,97.05,98.35,59.33806146572104,75.88652482269504,86.64302600472813
11560585,1119075,서울특별시,영등포구,도림동,93.05,93.2,93.45,43.85342789598109,44.79905437352246,47.28132387706856
11560605,1119076,서울특별시,영등포구,문래동,97.475,98.4,98.25,79.3144208037825,86.99763593380615,85.46099290780141
11710610,1124064,서울특별시,송파구,삼전동,93.825,94.475,95.825,48.817966903073284,54.60992907801418,65.60283687943263
11230710,1106071,서울특별시,동대문구,회기동,90.69999999999999,90.225,97.275,23.64066193853428,23.286052009456267,78.01418439716312
11230720,1106072,서울특별시,동대문구,휘경1동,91.35,90.6,96.325,28.841607565011824,25.65011820330969,69.73995271867612
11650620,1122064,서울특별시,서초구,방배3동,92.1,91.525,90.725,34.63356973995272,31.914893617021278,27.18676122931442
11650651,1122066,서울특별시,서초구,양재1동,99.6,99.5,99.175,96.6903073286052,96.09929078014184,93.3806146572104
11650652,1122067,서울특별시,서초구,양재2동,99.625,99.5,98.825,97.04491725768321,96.09929078014184,90.78014184397163
11290705,1108084,서울특별시,성북구,종암동,98.05,96.775,96.9,84.39716312056737,73.99527186761229,74.34988179669031
11290715,1108071,서울특별시,성북구,월곡1동,97.4,96.725,96.3,78.36879432624113,73.64066193853428,69.50354609929079
11590550,1120055,서울특별시,동작구,상도3동,92.05000000000001,89.925,91.425,34.04255319148936,20.56737588652482,31.560283687943265
11590540,1120054,서울특별시,동작구,상도2동,94.5,93.725,94.1,53.78250591016549,48.226950354609926,52.12765957446809
11590560,1120056,서울특별시,동작구,상도4동,93.55,92.1,92.9,47.04491725768322,34.751773049645394,41.843971631205676
11590605,1120071,서울특별시,동작구,흑석동,96.975,96.4,98.6,74.822695035461,69.62174940898345,88.17966903073287
11680640,1123064,서울특별시,강남구,역삼1동,99.9,100.0,100.0,99.29078014184397,99.88179669030734,100.0
11380631,1112065,서울특별시,은평구,신사1동,94.7,93.8,93.0,55.08274231678487,49.1725768321513,42.434988179669034
11380632,1112066,서울특별시,은평구,신사2동,90.225,88.75,88.525,19.976359338061467,12.293144208037825,13.238770685579196
11380640,1112067,서울특별시,은평구,증산동,88.85,88.2,87.85,9.456264775413711,8.51063829787234,8.628841607565011
11380690,1112071,서울특별시,은평구,진관동,99.85,99.475,97.825,98.81796690307328,95.74468085106383,82.03309692671394
11500611,1116067,서울특별시,강서구,발산1동,96.69999999999999,97.85,95.9,72.81323877068559,82.15130023640663,66.07565011820331
11440730,1114073,서울특별시,마포구,성산2동,97.5,97.175,97.125,79.66903073286052,77.30496453900709,76.71394799054374
11440720,1114072,서울특별시,마포구,성산1동,91.75,93.775,95.45,31.796690307328607,48.69976359338061,62.529550827423165
11440740,1114074,서울특별시,마포구,상암동,97.55,99.325,99.275,80.02364066193853,94.32624113475178,94.08983451536643
11470640,1115066,서울특별시,양천구,신정3동,98.975,98.225,95.7,91.37115839243499,85.69739952718676,64.77541371158392
11470680,1115070,서울특별시,양천구,신정7동,93.95,93.975,90.525,50.59101654846335,51.06382978723404,25.295508274231675
11470670,1115069,서울특별시,양천구,신정6동,91.025,92.6,89.925,25.65011820330969,39.952718676122934,21.749408983451538
11470650,1115072,서울특별시,양천구,신정4동,98.3,97.575,96.65,86.17021276595744,79.90543735224587,72.10401891252955
11470630,1115065,서울특별시,양천구,신정2동,88.925,89.95,87.575,9.929078014184398,20.921985815602838,7.5650118203309695
11680730,1123073,서울특별시,강남구,일원1동,89.65,89.675,89.425,14.657210401891252,19.030732860520093,17.96690307328605
11560550,1119055,서울특별시,영등포구,당산1동,95.65,97.0,97.525,64.30260047281324,75.177304964539,79.7872340425532
11305595,1109060,서울특별시,강북구,번1동,95.375,94.875,95.225,61.58392434988179,58.274231678487,60.520094562647756
11305625,1109064,서울특별시,강북구,수유2동,94.8,92.175,90.875,56.50118203309693,35.1063829787234,28.368794326241137
11305608,1109062,서울특별시,강북구,번3동,91.475,89.0,87.025,29.66903073286052,14.657210401891252,5.200945626477541
11620695,1121069,서울특별시,관악구,신림동,93.525,93.325,98.35,46.6903073286052,45.39007092198582,86.64302600472813
11620685,1121068,서울특별시,관악구,신사동,90.625,90.025,93.875,22.69503546099291,21.39479905437352,49.881796690307326
11620665,1121066,서울특별시,관악구,서림동,89.475,88.4,93.625,13.59338061465721,10.047281323877069,48.58156028368794
11620655,1121065,서울특별시,관악구,신원동,88.525,87.275,92.025,7.5650118203309695,3.546099290780142,35.57919621749409
11620645,1121064,서울특별시,관악구,서원동,93.75,92.375,97.675,48.10874704491725,38.17966903073286,80.85106382978722
11620630,1121063,서울특별시,관악구,남현동,96.35,94.7,96.6,69.3853427895981,56.38297872340425,71.8676122931442
11650660,1122068,서울특별시,서초구,내곡동,92.25,94.175,92.275,36.05200945626478,52.95508274231678,37.234042553191486
11410720,1113072,서울특별시,서대문구,북가좌2동,97.65,96.4,95.25,80.73286052009456,69.62174940898345,60.87470449172577
11350624,1111064,서울특별시,노원구,중계4동,92.95,91.15,88.45,42.31678486997636,29.432624113475175,12.76595744680851
11350619,1111060,서울특별시,노원구,중계본동,89.775,94.2,89.2,15.602836879432624,53.42789598108747,16.78486997635934
11230570,1106084,서울특별시,동대문구,전농2동,90.125,90.375,92.225,18.55791962174941,24.349881796690305,36.7612293144208
11230600,1106091,서울특별시,동대문구,답십리1동,95.6,95.55,94.925,63.829787234042556,63.829787234042556,58.392434988179666
11620745,1121082,서울특별시,관악구,삼성동,93.5,90.1,90.45,46.335697399527184,22.10401891252955,24.822695035460992
11620765,1121083,서울특별시,관악구,미성동,93.9,92.975,93.5,49.881796690307326,42.198581560283685,47.87234042553192
11560540,1119054,서울특별시,영등포구,여의동,99.9,100.0,99.95,99.29078014184397,99.88179669030734,99.64539007092199
11110700,1101070,서울특별시,종로구,숭인1동,88.575,86.925,86.85,8.39243498817967,2.3640661938534278,4.491725768321513
11170685,1103074,서울특별시,용산구,한남동,95.525,98.15,98.775,62.174940898345156,84.51536643026006,90.30732860520094
11170660,1103066,서울특별시,용산구,이태원2동,87.875,89.425,94.1,4.25531914893617,16.90307328605201,52.12765957446809
11710620,1124065,서울특별시,송파구,가락본동,99.0,99.075,98.025,91.725768321513,92.5531914893617,83.21513002364065
11710631,1124066,서울특별시,송파구,가락1동,98.92500000000001,98.65,96.425,91.01654846335697,88.65248226950354,70.33096926713948
11350625,1111078,서울특별시,노원구,중계2·3동,96.375,95.375,92.475,69.8581560283688,62.64775413711584,38.88888888888889
11380650,1112068,서울특별시,은평구,수색동,90.65,92.35,92.225,23.167848699763592,37.234042553191486,36.7612293144208
11380510,1112051,서울특별시,은평구,녹번동,98.375,96.8,95.675,87.58865248226951,74.23167848699764,64.30260047281324
11380530,1112072,서울특별시,은평구,불광2동,95.95,92.925,91.975,67.25768321513003,41.25295508274232,35.22458628841608
11380520,1112052,서울특별시,은평구,불광1동,98.025,94.725,93.0,84.04255319148936,56.85579196217494,42.434988179669034
11380551,1112055,서울특별시,은평구,갈현1동,93.75,92.35,93.35,48.10874704491725,37.234042553191486,46.21749408983452
11590651,1120067,서울특별시,동작구,사당5동,90.425,88.95,89.9,21.27659574468085,14.420803782505912,21.27659574468085
11590650,1120066,서울특별시,동작구,사당4동,90.55,88.775,90.94999999999999,22.22222222222222,12.884160756501181,28.60520094562648
11215830,1105065,서울특별시,광진구,자양2동,94.85,94.825,93.975,57.446808510638306,57.68321513002365,50.82742316784869
11410615,1113076,서울특별시,서대문구,연희동,98.475,97.8,98.625,88.4160756501182,81.7966903073286,88.65248226950354
11410685,1113068,서울특별시,서대문구,홍은2동,94.325,93.19999999999999,92.95,53.191489361702125,44.44444444444444,42.08037825059102
11260570,1107057,서울특별시,중랑구,면목7동,92.75,91.15,90.75,39.361702127659576,29.432624113475175,27.541371158392437
11260580,1107059,서울특별시,중랑구,상봉1동,90.15,89.75,89.775,18.912529550827422,19.62174940898345,20.44917257683215
11260590,1107060,서울특별시,중랑구,상봉2동,96.775,96.7,97.225,73.75886524822694,73.1678486997636,77.18676122931441
11260610,1107062,서울특별시,중랑구,중화2동,95.125,93.75,92.4,59.810874704491724,48.46335697399527,37.5886524822695
11260600,1107061,서울특별시,중랑구,중화1동,92.325,90.025,90.425,36.40661938534279,21.39479905437352,24.231678486997634
11260630,1107065,서울특별시,중랑구,묵2동,95.3,94.0,93.5,60.7565011820331,51.41843971631206,47.87234042553192
11620605,1121078,서울특별시,관악구,은천동,94.975,94.1,94.625,58.392434988179666,52.12765957446809,56.02836879432624
11620615,1121061,서울특별시,관악구,중앙동,90.0,88.225,93.6,17.02127659574468,8.865248226950355,48.226950354609926
11620585,1121058,서울특별시,관악구,낙성대동,92.575,93.575,98.525,38.53427895981088,47.16312056737589,87.82505910165484
11620525,1121052,서울특별시,관악구,보라매동,91.2,89.425,92.425,27.423167848699766,16.90307328605201,37.94326241134752
11620545,1121054,서울특별시,관악구,청림동,87.125,85.75,85.2,1.5366430260047281,1.1820330969267139,1.1820330969267139
11620565,1121079,서울특별시,관악구,성현동,91.425,91.225,90.4,29.196217494089833,30.023640661938533,23.87706855791962
11620575,1121057,서울특별시,관악구,행운동,93.525,91.75,95.75,46.6903073286052,33.33333333333333,65.01182033096927
11620595,1121080,서울특별시,관악구,청룡동,98.57499999999999,96.65,99.125,88.88888888888889,71.8676122931442,92.78959810874704
11620625,1121062,서울특별시,관악구,인헌동,93.875,92.55,96.175,49.527186761229316,39.361702127659576,68.79432624113475
11620725,1121072,서울특별시,관악구,조원동,96.3,98.275,98.775,69.03073286052009,86.05200945626478,90.30732860520094
11620735,1121073,서울특별시,관악구,대학동,93.825,95.35000000000001,99.3,48.817966903073284,62.174940898345156,94.32624113475178
11650550,1122056,서울특별시,서초구,반포본동,83.7,83.55,81.05,0.0,0.2364066193853428,0.0
11350700,1111072,서울특별시,노원구,상계8동,93.925,92.675,92.275,50.23640661938534,40.42553191489361,37.234042553191486
11350710,1111073,서울특별시,노원구,상계9동,91.625,90.85,89.55,30.851063829787233,28.01418439716312,18.79432624113475
11350640,1111066,서울특별시,노원구,상계2동,98.875,98.025,97.45,90.66193853427896,83.451536643026,79.07801418439716
11545680,1118058,서울특별시,금천구,시흥2동,89.475,88.85000000000001,87.25,13.59338061465721,13.711583924349883,6.1465721040189125
11545690,1118059,서울특별시,금천구,시흥3동,88.125,88.075,86.775,5.4373522458628845,8.037825059101655,3.664302600472813
11545700,1118060,서울특별시,금천구,시흥4동,90.0,89.45,88.175,17.02127659574468,17.375886524822697,10.638297872340425
11545710,1118061,서울특별시,금천구,시흥5동,89.025,88.225,87.1,10.874704491725769,8.865248226950355,5.791962174940898
11710590,1124062,서울특별시,송파구,송파2동,90.5,90.75,90.275,21.98581560283688,27.423167848699766,23.167848699763592
11710580,1124061,서울특별시,송파구,송파1동,95.55,96.025,97.8,62.64775413711584,66.903073286052,81.7966903073286
11710600,1124063,서울특별시,송파구,석촌동,97.4,97.42500000000001,97.525,78.36879432624113,78.4869976359338,79.7872340425532
11680650,1123065,서울특별시,강남구,역삼2동,98.15,99.175,98.725,84.98817966903073,93.14420803782507,89.83451536643025
11500603,1116064,서울특별시,강서구,가양1동,97.95,99.375,99.5,83.33333333333334,95.0354609929078,96.09929078014184
11500641,1116072,서울특별시,강서구,방화3동,91.5,89.95,89.175,30.023640661938533,20.921985815602838,16.548463356973993
11680740,1123074,서울특별시,강남구,일원2동,90.075,90.675,90.6,18.203309692671397,26.713947990543733,26.47754137115839
11740520,1125052,서울특별시,강동구,상일동,99.075,98.7,96.175,92.43498817966903,89.00709219858156,68.79432624113475
11740515,1125051,서울특별시,강동구,강일동,99.275,99.0,97.25,94.32624113475178,92.08037825059102,77.6595744680851
11530780,1117068,서울특별시,구로구,오류2동,99.325,98.625,96.9,95.0354609929078,88.4160756501182,74.34988179669031
