ADM_NM,평균위험지수,cluster_name,deficit_level,deficit_detail,policy_basis_text,policy_package_short,linked_seoul_policy,policy_package,policy_youth,policy_middle,policy_elderly,implementation_hub,implementation_logic,dong_focus,report_sentence,current_policy,scheduled_policy,policy_status,implementation_timing,timing_check_needed,timing_basis
가리봉동,84.1,1인가구 집중형,2형: 복합 결핍형,의료·복지,"의료밀도 하위30%, 복지밀도 하위30%",의료·복지 통합돌봄형,"동 중심 원스톱 통합돌봄, 돌봄SOS, 자치구 마음상담소·심리상담바우처, 1인가구 건강·마음 동행서비스, 고립가구 위기정보 기반 발굴","[의료·복지 통합돌봄형] 동 중심 원스톱 통합돌봄, 돌봄SOS, 자치구 마음상담소·심리상담바우처, 1인가구 건강·마음 동행서비스, 고립가구 위기정보 기반 발굴",서울청년기지개센터·기지개LAB 기반 사회진입 지원 / 서울마음편의점·자치구 마음상담소·심리상담바우처 연계 / 외로움 없는 서울 관계형성 프로그램 / 고립·은둔청년 온라인 진입 서비스 우선 안내,행정정보 기반 위기가구 선제 발굴(실직·폐업·이혼 등) 우선지역 지정 / 1인가구 건강·이사·마음 동행서비스 / 중장년 취업사관학교(50+캠퍼스) 원스톱 취업지원 연계 / 자치구 마음상담소·심리상담바우처 / 손목닥터9988 우울·불안 자가검진 안내,동 중심 원스톱 통합돌봄 우선 적용 / 돌봄SOS 긴급돌봄·중장기 돌봄서비스 연계 / 서울건강장수센터·방문건강관리 / 노인맞춤돌봄서비스 중점돌봄군 우선 지정 / 어르신 돌봄시설 확충 우선 검토 / 손목닥터9988 우울·불안 자가검진 연계,해당 행정동 동주민센터 (동 중심 원스톱 통합돌봄 거점),의료·복지 결핍 + 1인가구 집중형 군집 → 언어·문화 장벽까지 고려한 통합돌봄 연계가 핵심,"외국계 1인가구 밀집, 언어장벽으로 인한 정보 접근 격차 → 다국어 서비스 우선 안내 병행 권고","의료·복지 인프라가 동시에 부족한 지역으로, 동 중심 원스톱 통합돌봄과 돌봄SOS를 우선 연계하고, 1인가구 건강·마음 동행서비스와 자치구 마음상담소를 통해 초기 상담 접근성을 높인다. 외국계 1인가구 밀집 특성을 고려해 다국어 정책 안내 병행을 권고한다.","동 중심 원스톱 통합돌봄(2026.3 신규 시행), 돌봄SOS(현행), 우리동네돌봄단(현행), 외로움 없는 서울(현행·확대), 서울마음편의점(현행·확대), 자치구 마음상담소(현행·확대), 심리상담바우처(현행·확대), 1인가구 건강·이사·마음 동행서비스(2026년 통합지원)",1인가구 지원 5개년 종합계획(2027~2031 수립 추진),현행·지속 + 2026년 신규 시행 중,2026.3 신규 시행·현재 시행 중 / 2026년 확대 추진 중,중간,"2026 주요업무계획에 '동 중심 원스톱 통합돌봄 본격 시행(26.3월)' 명시, 돌봄SOS 현행 운영 확인"
신원동,80.4,1인가구 집중형,3형: 삼중 결핍형,의료·복지·교통,"의료밀도 하위30%, 복지밀도 하위30%, 교통밀도 하위30%",통합 생활지원 허브 우선 지정형,"동 중심 원스톱 통합돌봄, 돌봄SOS, 외로움 없는 서울(서울마음편의점·서울잇다플레이스), 고립가구 위기정보 기반 발굴·우리동네돌봄단, 1인가구 건강·이사·마음 동행서비스, 서울동행맵·저상버스·교통약자 이동지원, 자치구 마음상담소·심리상담바우처","[통합 생활지원 허브 우선 지정형] 동 중심 원스톱 통합돌봄, 돌봄SOS, 외로움 없는 서울(서울마음편의점·서울잇다플레이스), 고립가구 위기정보 기반 발굴·우리동네돌봄단, 1인가구 건강·이사·마음 동행서비스, 서울동행맵·저상버스·교통약자 이동지원, 자치구 마음상담소·심리상담바우처",서울청년기지개센터·기지개LAB 사회진입 지원 / 고립·은둔청년 온라인 서비스·지역거점 우선 안내 / 서울마음편의점·자치구 마음상담소·심리상담바우처 / 외로움 없는 서울 관계형성 프로그램 / 서울동행맵 이동 안내 / 365 서울챌린지·참여형 안부확인 적립금 연계,행정정보 기반 위기가구 선제 발굴 우선지역 지정 / 우리동네돌봄단 안부확인 / 1인가구 건강·이사·마음 동행서비스 / 중장년 취업사관학교(50+캠퍼스) 원스톱 취업지원 / 자치구 마음상담소·심리상담바우처 / 서울동행맵·저상버스·교통약자 이동지원 안내 / 손목닥터9988 우울·불안 자가검진 안내 / 365 서울챌린지·참여형 안부확인 적립금 연계,동 중심 원스톱 통합돌봄 우선 적용 / 돌봄SOS 긴급돌봄·중장기 돌봄연계 / 9988 서울 프로젝트(리액트 센터·라운지·시니어 동행상점·어르신 일자리) / 서울건강장수센터·방문건강관리 / 서울동행맵·저상버스·장애인콜택시 이동지원 / 어르신 돌봄시설 확충 우선 검토 / 손목닥터9988 우울·불안 자가검진 연계 / 365 서울챌린지·참여형 안부확인 적립금 연계 / 시니어 취업사관학교 5개소 연계,해당 행정동 동주민센터 (동 중심 원스톱 통합돌봄 거점),"의료·복지·교통 모두 결핍, 지리적 접근성 낮음 → 찾아가는 방문형 통합돌봄 우선",삼중 결핍 + 교통 취약 → 방문형 서비스 비중 최대화 필요,"의료·복지·교통 결핍이 모두 나타나는 삼중 결핍형 지역으로, 지리적 접근성이 낮아 방문형 서비스 비중 최대화가 필요하다. 동주민센터를 생활지원 허브로 지정하고, 동 중심 원스톱 통합돌봄·돌봄SOS와 서울동행맵·교통약자 이동지원을 통합 안내하는 우선 개입이 필요하다.","동 중심 원스톱 통합돌봄(2026.3 신규 시행), 돌봄SOS(현행), 외로움 없는 서울(현행·확대), 우리동네돌봄단(현행), 고립가구 위기정보 기반 발굴 시스템(2026년 도입), 1인가구 건강·이사·마음 동행서비스(2026년 통합지원), 자치구 마음상담소(현행·확대), 심리상담바우처(현행·확대), 365 서울챌린지(2026년 추진), 참여형 안부확인 적립금(2026년 추진), 저상버스 확대(2026년 추진), 장애인콜택시 증차(2026년 추진), 바우처택시(현행)","서울동행맵 AI 음성 안내(2026년 3분기 예정), 서울동행맵 보행경로 내비게이션(2026년 4분기 예정)",현행·지속 + 2026년 신규 시행 중 + 2026년 시행 예정 연계,2026.3 신규 시행·현재 시행 중 / 2026.3Q~4Q 예정,중간,"2026 주요업무계획에 통합돌봄 2026.3 시행 명시, 서울동행맵 고도화 3분기·4분기 추진 명시"
독산2동,80.3,활동적 도심형,3형: 삼중 결핍형,의료·복지·교통,"의료밀도 하위30%, 복지밀도 하위30%, 교통밀도 하위30%",통합 생활지원 허브 우선 지정형,"동 중심 원스톱 통합돌봄, 돌봄SOS, 외로움 없는 서울(서울마음편의점·서울잇다플레이스), 고립가구 위기정보 기반 발굴·우리동네돌봄단, 1인가구 건강·이사·마음 동행서비스, 서울동행맵·저상버스·교통약자 이동지원, 자치구 마음상담소·심리상담바우처","[통합 생활지원 허브 우선 지정형] 동 중심 원스톱 통합돌봄, 돌봄SOS, 외로움 없는 서울(서울마음편의점·서울잇다플레이스), 고립가구 위기정보 기반 발굴·우리동네돌봄단, 1인가구 건강·이사·마음 동행서비스, 서울동행맵·저상버스·교통약자 이동지원, 자치구 마음상담소·심리상담바우처",서울청년기지개센터·기지개LAB 사회진입 지원 / 고립·은둔청년 온라인 서비스·지역거점 우선 안내 / 서울마음편의점·자치구 마음상담소·심리상담바우처 / 외로움 없는 서울 관계형성 프로그램 / 서울동행맵 이동 안내 / 365 서울챌린지·참여형 안부확인 적립금 연계,행정정보 기반 위기가구 선제 발굴 우선지역 지정 / 우리동네돌봄단 안부확인 / 1인가구 건강·이사·마음 동행서비스 / 중장년 취업사관학교(50+캠퍼스) 원스톱 취업지원 / 자치구 마음상담소·심리상담바우처 / 서울동행맵·저상버스·교통약자 이동지원 안내 / 손목닥터9988 우울·불안 자가검진 안내 / 365 서울챌린지·참여형 안부확인 적립금 연계,동 중심 원스톱 통합돌봄 우선 적용 / 돌봄SOS 긴급돌봄·중장기 돌봄연계 / 9988 서울 프로젝트(리액트 센터·라운지·시니어 동행상점·어르신 일자리) / 서울건강장수센터·방문건강관리 / 서울동행맵·저상버스·장애인콜택시 이동지원 / 어르신 돌봄시설 확충 우선 검토 / 손목닥터9988 우울·불안 자가검진 연계 / 365 서울챌린지·참여형 안부확인 적립금 연계 / 시니어 취업사관학교 5개소 연계,해당 행정동 동주민센터 (동 중심 원스톱 통합돌봄 거점),생활활동은 활발하나 거주 기반 복지·의료·교통 인프라 부족 → 거주자 대상 정책 집중 필요,활동적 도심형 군집임에도 삼중결핍 → 유동인구 대비 거주민 인프라 공동화 문제,"활동적 도심형 군집임에도 의료·복지·교통 인프라가 모두 결핍된 지역이다. 유동인구 대비 거주민 대상 인프라가 공동화되어 있으므로, 동주민센터 기반 통합돌봄과 고립가구 발굴을 거주자 중심으로 집중 운영한다.","동 중심 원스톱 통합돌봄(2026.3 신규 시행), 돌봄SOS(현행), 외로움 없는 서울(현행·확대), 우리동네돌봄단(현행), 고립가구 위기정보 기반 발굴 시스템(2026년 도입), 1인가구 건강·이사·마음 동행서비스(2026년 통합지원), 자치구 마음상담소(현행·확대), 심리상담바우처(현행·확대), 365 서울챌린지(2026년 추진), 참여형 안부확인 적립금(2026년 추진), 저상버스 확대(2026년 추진), 장애인콜택시 증차(2026년 추진), 바우처택시(현행)","서울동행맵 AI 음성 안내(2026년 3분기 예정), 서울동행맵 보행경로 내비게이션(2026년 4분기 예정)",현행·지속 + 2026년 신규 시행 중 + 2026년 시행 예정 연계,2026.3 신규 시행·현재 시행 중 / 2026.3Q~4Q 예정,중간,"2026 주요업무계획에 통합돌봄 2026.3 시행 명시, 서울동행맵 고도화 3분기·4분기 추진 명시"
청림동,78.8,활동적 도심형,3형: 삼중 결핍형,의료·복지·교통,"의료밀도 하위30%, 복지밀도 하위30%, 교통밀도 하위30%",통합 생활지원 허브 우선 지정형,"동 중심 원스톱 통합돌봄, 돌봄SOS, 외로움 없는 서울(서울마음편의점·서울잇다플레이스), 고립가구 위기정보 기반 발굴·우리동네돌봄단, 1인가구 건강·이사·마음 동행서비스, 서울동행맵·저상버스·교통약자 이동지원, 자치구 마음상담소·심리상담바우처","[통합 생활지원 허브 우선 지정형] 동 중심 원스톱 통합돌봄, 돌봄SOS, 외로움 없는 서울(서울마음편의점·서울잇다플레이스), 고립가구 위기정보 기반 발굴·우리동네돌봄단, 1인가구 건강·이사·마음 동행서비스, 서울동행맵·저상버스·교통약자 이동지원, 자치구 마음상담소·심리상담바우처",서울청년기지개센터·기지개LAB 사회진입 지원 / 고립·은둔청년 온라인 서비스·지역거점 우선 안내 / 서울마음편의점·자치구 마음상담소·심리상담바우처 / 외로움 없는 서울 관계형성 프로그램 / 서울동행맵 이동 안내 / 365 서울챌린지·참여형 안부확인 적립금 연계,행정정보 기반 위기가구 선제 발굴 우선지역 지정 / 우리동네돌봄단 안부확인 / 1인가구 건강·이사·마음 동행서비스 / 중장년 취업사관학교(50+캠퍼스) 원스톱 취업지원 / 자치구 마음상담소·심리상담바우처 / 서울동행맵·저상버스·교통약자 이동지원 안내 / 손목닥터9988 우울·불안 자가검진 안내 / 365 서울챌린지·참여형 안부확인 적립금 연계,동 중심 원스톱 통합돌봄 우선 적용 / 돌봄SOS 긴급돌봄·중장기 돌봄연계 / 9988 서울 프로젝트(리액트 센터·라운지·시니어 동행상점·어르신 일자리) / 서울건강장수센터·방문건강관리 / 서울동행맵·저상버스·장애인콜택시 이동지원 / 어르신 돌봄시설 확충 우선 검토 / 손목닥터9988 우울·불안 자가검진 연계 / 365 서울챌린지·참여형 안부확인 적립금 연계 / 시니어 취업사관학교 5개소 연계,해당 행정동 동주민센터 (동 중심 원스톱 통합돌봄 거점),삼중결핍 + 지형적 이동 제약 가능성 → 서울동행맵·고지대 편의시설 연계 강조,"고지대 지형 특성 가능성 → 보행 불편 고려, 고지대 편의시설 확충 검토 병행","의료·복지·교통 삼중 결핍과 지형적 이동 제약이 복합된 지역이다. 동 중심 원스톱 통합돌봄·돌봄SOS를 기본으로 연결하고, 서울동행맵과 고지대 편의시설 확충을 병행 검토한다.","동 중심 원스톱 통합돌봄(2026.3 신규 시행), 돌봄SOS(현행), 외로움 없는 서울(현행·확대), 우리동네돌봄단(현행), 고립가구 위기정보 기반 발굴 시스템(2026년 도입), 1인가구 건강·이사·마음 동행서비스(2026년 통합지원), 자치구 마음상담소(현행·확대), 심리상담바우처(현행·확대), 365 서울챌린지(2026년 추진), 참여형 안부확인 적립금(2026년 추진), 저상버스 확대(2026년 추진), 장애인콜택시 증차(2026년 추진), 바우처택시(현행)","서울동행맵 AI 음성 안내(2026년 3분기 예정), 서울동행맵 보행경로 내비게이션(2026년 4분기 예정), 고지대 편의시설(2026.4 착공·연내 준공 예정, 지형 제약 지역 한정)",현행·지속 + 2026년 신규 시행 중 + 2026년 시행 예정 연계,2026.3 신규 시행·현재 시행 중 / 2026.3Q~4Q 예정,높음,고지대 편의시설은 지형 제약 여부 별도 확인 필요. 통합돌봄 2026.3 시행 명시
신월3동,78.7,활동적 도심형,3형: 삼중 결핍형,의료·복지·교통,"의료밀도 중앙값 미만, 복지밀도 하위30%, 교통밀도 하위30%",통합 생활지원 허브 우선 지정형,"동 중심 원스톱 통합돌봄, 돌봄SOS, 외로움 없는 서울(서울마음편의점·서울잇다플레이스), 고립가구 위기정보 기반 발굴·우리동네돌봄단, 1인가구 건강·이사·마음 동행서비스, 서울동행맵·저상버스·교통약자 이동지원, 자치구 마음상담소·심리상담바우처","[통합 생활지원 허브 우선 지정형] 동 중심 원스톱 통합돌봄, 돌봄SOS, 외로움 없는 서울(서울마음편의점·서울잇다플레이스), 고립가구 위기정보 기반 발굴·우리동네돌봄단, 1인가구 건강·이사·마음 동행서비스, 서울동행맵·저상버스·교통약자 이동지원, 자치구 마음상담소·심리상담바우처",서울청년기지개센터·기지개LAB 사회진입 지원 / 고립·은둔청년 온라인 서비스·지역거점 우선 안내 / 서울마음편의점·자치구 마음상담소·심리상담바우처 / 외로움 없는 서울 관계형성 프로그램 / 서울동행맵 이동 안내 / 365 서울챌린지·참여형 안부확인 적립금 연계,행정정보 기반 위기가구 선제 발굴 우선지역 지정 / 우리동네돌봄단 안부확인 / 1인가구 건강·이사·마음 동행서비스 / 중장년 취업사관학교(50+캠퍼스) 원스톱 취업지원 / 자치구 마음상담소·심리상담바우처 / 서울동행맵·저상버스·교통약자 이동지원 안내 / 손목닥터9988 우울·불안 자가검진 안내 / 365 서울챌린지·참여형 안부확인 적립금 연계,동 중심 원스톱 통합돌봄 우선 적용 / 돌봄SOS 긴급돌봄·중장기 돌봄연계 / 9988 서울 프로젝트(리액트 센터·라운지·시니어 동행상점·어르신 일자리) / 서울건강장수센터·방문건강관리 / 서울동행맵·저상버스·장애인콜택시 이동지원 / 어르신 돌봄시설 확충 우선 검토 / 손목닥터9988 우울·불안 자가검진 연계 / 365 서울챌린지·참여형 안부확인 적립금 연계 / 시니어 취업사관학교 5개소 연계,해당 행정동 동주민센터 (동 중심 원스톱 통합돌봄 거점),의료 중앙값 미만(심각 결핍은 아니나 경계) + 복지·교통 하위30% → 노년 돌봄 공백 우선 해소,노년 인구 비중 감안 시 복지·교통 결핍이 고독사 위험과 직결,"복지·교통 결핍이 하위30% 수준이며, 의료는 중앙값 미만으로 경계선에 위치한 지역이다. 노년 인구의 돌봄 공백이 고독사 위험과 직결될 수 있으므로, 동 중심 원스톱 통합돌봄·돌봄SOS와 교통약자 이동지원을 우선 안내한다.","동 중심 원스톱 통합돌봄(2026.3 신규 시행), 돌봄SOS(현행), 외로움 없는 서울(현행·확대), 우리동네돌봄단(현행), 고립가구 위기정보 기반 발굴 시스템(2026년 도입), 1인가구 건강·이사·마음 동행서비스(2026년 통합지원), 자치구 마음상담소(현행·확대), 심리상담바우처(현행·확대), 365 서울챌린지(2026년 추진), 참여형 안부확인 적립금(2026년 추진), 저상버스 확대(2026년 추진), 장애인콜택시 증차(2026년 추진), 바우처택시(현행)","서울동행맵 AI 음성 안내(2026년 3분기 예정), 서울동행맵 보행경로 내비게이션(2026년 4분기 예정)",현행·지속 + 2026년 신규 시행 중 + 2026년 시행 예정 연계,2026.3 신규 시행·현재 시행 중 / 2026.3Q~4Q 예정,중간,"2026 주요업무계획에 통합돌봄 2026.3 시행 명시, 서울동행맵 고도화 3분기·4분기 추진 명시"
망우3동,78.5,활동적 도심형,2형: 복합 결핍형,의료·교통,"의료밀도 하위30%, 교통밀도 하위30%",방문건강·이동지원형,"서울건강장수센터·방문건강관리, 서울동행맵, 저상버스·교통약자 이동지원, 마을버스 서비스 개선","[방문건강·이동지원형] 서울건강장수센터·방문건강관리, 서울동행맵, 저상버스·교통약자 이동지원, 마을버스 서비스 개선",고립·은둔청년 온라인 진입 서비스 및 지역거점 15개소 우선 안내 / 자치구 마음상담소·심리상담바우처 / 서울동행맵 기반 이동지원 안내,행정정보 기반 위기가구 선제 발굴 우선지역 지정 / 중장년 취업사관학교·50+캠퍼스 상담·훈련·취업·사후관리 / 서울동행맵·저상버스 이동지원 안내 / 자치구 마음상담소 연계 / 손목닥터9988 우울·불안 자가검진 안내,서울건강장수센터·방문건강관리 연계 / 서울동행맵(AI 음성안내·보행경로) 우선 안내 / 저상버스·장애인콜택시·바우처택시 이동지원 / 9988 서울 프로젝트 우리동네 리액트 라운지 연계 / 손목닥터9988 우울·불안 자가검진 연계,해당 행정동 동주민센터 (동 중심 원스톱 통합돌봄 거점),복지 결핍 없음 → 복지보다 의료 접근성·이동 지원에 집중한 단일 기능 보강이 효과적,의료·교통 결핍만 있으나 지리적 고립 가능성 → 방문건강 중심 개입,복지 인프라는 상대적으로 양호하나 의료·교통이 동시에 결핍된 지역이다. 서울건강장수센터·방문건강관리와 서울동행맵·저상버스 이동지원에 집중한 단일 기능 보강이 효과적이다.,"서울건강장수센터(2026년 33개소 확대), 방문건강관리(현행), 서울동행맵(현행·고도화 추진), 저상버스 확대(2026년 추진), 장애인콜택시 증차(2026년 추진), 바우처택시(현행), 마을버스 서비스 개선(2026년 추진), 손목닥터9988(2026년 확대), 자치구 마음상담소(현행·확대)","서울동행맵 AI 음성 안내(2026년 3분기 예정), 서울동행맵 보행경로 내비게이션(2026년 4분기 예정)",현행·지속 + 2026년 확대 추진 중 + 2026년 시행 예정 연계,2026년 확대 추진 중 / 2026.3Q~4Q 예정,중간,"서울건강장수센터 2025년 17개소→2026년 33개소 확대 명시, 서울동행맵 고도화 3분기·4분기 추진 명시"
창신2동,78.1,활동적 도심형,3형: 삼중 결핍형,의료·복지·교통,"의료밀도 중앙값 미만, 복지밀도 중앙값 미만, 교통밀도 하위30%",통합 생활지원 허브 우선 지정형,"동 중심 원스톱 통합돌봄, 돌봄SOS, 외로움 없는 서울(서울마음편의점·서울잇다플레이스), 고립가구 위기정보 기반 발굴·우리동네돌봄단, 1인가구 건강·이사·마음 동행서비스, 서울동행맵·저상버스·교통약자 이동지원, 자치구 마음상담소·심리상담바우처","[통합 생활지원 허브 우선 지정형] 동 중심 원스톱 통합돌봄, 돌봄SOS, 외로움 없는 서울(서울마음편의점·서울잇다플레이스), 고립가구 위기정보 기반 발굴·우리동네돌봄단, 1인가구 건강·이사·마음 동행서비스, 서울동행맵·저상버스·교통약자 이동지원, 자치구 마음상담소·심리상담바우처",서울청년기지개센터·기지개LAB 사회진입 지원 / 고립·은둔청년 온라인 서비스·지역거점 우선 안내 / 서울마음편의점·자치구 마음상담소·심리상담바우처 / 외로움 없는 서울 관계형성 프로그램 / 서울동행맵 이동 안내 / 365 서울챌린지·참여형 안부확인 적립금 연계,행정정보 기반 위기가구 선제 발굴 우선지역 지정 / 우리동네돌봄단 안부확인 / 1인가구 건강·이사·마음 동행서비스 / 중장년 취업사관학교(50+캠퍼스) 원스톱 취업지원 / 자치구 마음상담소·심리상담바우처 / 서울동행맵·저상버스·교통약자 이동지원 안내 / 손목닥터9988 우울·불안 자가검진 안내 / 365 서울챌린지·참여형 안부확인 적립금 연계,동 중심 원스톱 통합돌봄 우선 적용 / 돌봄SOS 긴급돌봄·중장기 돌봄연계 / 9988 서울 프로젝트(리액트 센터·라운지·시니어 동행상점·어르신 일자리) / 서울건강장수센터·방문건강관리 / 서울동행맵·저상버스·장애인콜택시 이동지원 / 어르신 돌봄시설 확충 우선 검토 / 손목닥터9988 우울·불안 자가검진 연계 / 365 서울챌린지·참여형 안부확인 적립금 연계 / 시니어 취업사관학교 5개소 연계,해당 행정동 동주민센터 (동 중심 원스톱 통합돌봄 거점),"3개 영역 모두 중앙값 미만이나 하위30% 아닌 항목도 있음 → 현재 경계선, 조기 개입으로 악화 예방",중앙값 미만 수준의 결핍 다수 → 심각 결핍보다 '조기 개입' 논리로 설득,"의료·복지·교통 3개 영역 모두 중앙값 미만 수준으로, 심각 결핍 경계선에 있는 지역이다. 현재 경계선 단계에서의 조기 개입으로 삼중결핍 심화를 예방하기 위해 통합돌봄과 외로움 없는 서울 프로그램을 우선 연계한다.","동 중심 원스톱 통합돌봄(2026.3 신규 시행), 돌봄SOS(현행), 외로움 없는 서울(현행·확대), 우리동네돌봄단(현행), 고립가구 위기정보 기반 발굴 시스템(2026년 도입), 1인가구 건강·이사·마음 동행서비스(2026년 통합지원), 자치구 마음상담소(현행·확대), 심리상담바우처(현행·확대), 365 서울챌린지(2026년 추진), 참여형 안부확인 적립금(2026년 추진), 저상버스 확대(2026년 추진), 장애인콜택시 증차(2026년 추진), 바우처택시(현행)","서울동행맵 AI 음성 안내(2026년 3분기 예정), 서울동행맵 보행경로 내비게이션(2026년 4분기 예정)",현행·지속 + 2026년 신규 시행 중 + 2026년 시행 예정 연계,2026.3 신규 시행·현재 시행 중 / 2026.3Q~4Q 예정,중간,3개 영역 중앙값 미만 경계선. 통합돌봄 2026.3 시행 명시
신길4동,75.3,활동적 도심형,2형: 복합 결핍형,의료·복지,"의료밀도 하위30%, 복지밀도 하위30%",의료·복지 통합돌봄형,"동 중심 원스톱 통합돌봄, 돌봄SOS, 자치구 마음상담소·심리상담바우처, 1인가구 건강·마음 동행서비스, 고립가구 위기정보 기반 발굴","[의료·복지 통합돌봄형] 동 중심 원스톱 통합돌봄, 돌봄SOS, 자치구 마음상담소·심리상담바우처, 1인가구 건강·마음 동행서비스, 고립가구 위기정보 기반 발굴",서울청년기지개센터·기지개LAB 기반 사회진입 지원 / 서울마음편의점·자치구 마음상담소·심리상담바우처 연계 / 외로움 없는 서울 관계형성 프로그램 / 고립·은둔청년 온라인 진입 서비스 우선 안내,행정정보 기반 위기가구 선제 발굴(실직·폐업·이혼 등) 우선지역 지정 / 1인가구 건강·이사·마음 동행서비스 / 중장년 취업사관학교(50+캠퍼스) 원스톱 취업지원 연계 / 자치구 마음상담소·심리상담바우처 / 손목닥터9988 우울·불안 자가검진 안내,동 중심 원스톱 통합돌봄 우선 적용 / 돌봄SOS 긴급돌봄·중장기 돌봄서비스 연계 / 서울건강장수센터·방문건강관리 / 노인맞춤돌봄서비스 중점돌봄군 우선 지정 / 어르신 돌봄시설 확충 우선 검토 / 손목닥터9988 우울·불안 자가검진 연계,해당 행정동 동주민센터 (동 중심 원스톱 통합돌봄 거점),1인가구 집중형은 아니나 활동적 도심형 → 소득·취업 불안정이 고립 심화 요인으로 작용 가능,의료·복지 결핍 + 청년·중장년 1인세대 집중 → 경제활동 연계 정책 병행 필요,"의료·복지 결핍 지역으로, 청년·중장년 1인세대 집중 특성상 경제활동 불안정이 고립 심화 요인으로 작용할 수 있다. 동 중심 원스톱 통합돌봄·돌봄SOS와 함께 중장년 취업사관학교·50+캠퍼스 취업지원을 병행 안내한다.","동 중심 원스톱 통합돌봄(2026.3 신규 시행), 돌봄SOS(현행), 우리동네돌봄단(현행), 고립가구 위기정보 기반 발굴 시스템(2026년 도입), 1인가구 건강·이사·마음 동행서비스(2026년 통합지원), 자치구 마음상담소(현행·확대), 심리상담바우처(현행·확대), 중장년 취업사관학교(2026.3 개관·현재 시행 중)",1인가구 지원 5개년 종합계획(2027~2031 수립 추진),현행·지속 + 2026년 신규 시행 중,2026.3 신규 시행·현재 시행 중,중간,통합돌봄·중장년 취업사관학교 2026.3 시행 명시
청구동,74.7,활동적 도심형,3형: 삼중 결핍형,의료·복지·교통,"의료밀도 하위30%, 복지밀도 중앙값 미만, 교통밀도 하위30%",통합 생활지원 허브 우선 지정형,"동 중심 원스톱 통합돌봄, 돌봄SOS, 외로움 없는 서울(서울마음편의점·서울잇다플레이스), 고립가구 위기정보 기반 발굴·우리동네돌봄단, 1인가구 건강·이사·마음 동행서비스, 서울동행맵·저상버스·교통약자 이동지원, 자치구 마음상담소·심리상담바우처","[통합 생활지원 허브 우선 지정형] 동 중심 원스톱 통합돌봄, 돌봄SOS, 외로움 없는 서울(서울마음편의점·서울잇다플레이스), 고립가구 위기정보 기반 발굴·우리동네돌봄단, 1인가구 건강·이사·마음 동행서비스, 서울동행맵·저상버스·교통약자 이동지원, 자치구 마음상담소·심리상담바우처",서울청년기지개센터·기지개LAB 사회진입 지원 / 고립·은둔청년 온라인 서비스·지역거점 우선 안내 / 서울마음편의점·자치구 마음상담소·심리상담바우처 / 외로움 없는 서울 관계형성 프로그램 / 서울동행맵 이동 안내 / 365 서울챌린지·참여형 안부확인 적립금 연계,행정정보 기반 위기가구 선제 발굴 우선지역 지정 / 우리동네돌봄단 안부확인 / 1인가구 건강·이사·마음 동행서비스 / 중장년 취업사관학교(50+캠퍼스) 원스톱 취업지원 / 자치구 마음상담소·심리상담바우처 / 서울동행맵·저상버스·교통약자 이동지원 안내 / 손목닥터9988 우울·불안 자가검진 안내 / 365 서울챌린지·참여형 안부확인 적립금 연계,동 중심 원스톱 통합돌봄 우선 적용 / 돌봄SOS 긴급돌봄·중장기 돌봄연계 / 9988 서울 프로젝트(리액트 센터·라운지·시니어 동행상점·어르신 일자리) / 서울건강장수센터·방문건강관리 / 서울동행맵·저상버스·장애인콜택시 이동지원 / 어르신 돌봄시설 확충 우선 검토 / 손목닥터9988 우울·불안 자가검진 연계 / 365 서울챌린지·참여형 안부확인 적립금 연계 / 시니어 취업사관학교 5개소 연계,해당 행정동 동주민센터 (동 중심 원스톱 통합돌봄 거점),"복지는 경계선, 의료·교통은 하위30% → 의료 접근성 해소를 1순위로, 교통약자 이동지원 병행",복지 중앙값 미만(경계) + 의료·교통 하위30% → 고령 인구 의료 공백이 핵심 과제,"의료·교통이 하위30% 수준이며 복지는 중앙값 미만 경계인 지역이다. 고령 인구의 의료 접근성 해소를 1순위로 하여 서울건강장수센터·방문건강관리를 우선 연계하고, 서울동행맵·교통약자 이동지원을 함께 안내한다.","동 중심 원스톱 통합돌봄(2026.3 신규 시행), 돌봄SOS(현행), 외로움 없는 서울(현행·확대), 우리동네돌봄단(현행), 고립가구 위기정보 기반 발굴 시스템(2026년 도입), 1인가구 건강·이사·마음 동행서비스(2026년 통합지원), 자치구 마음상담소(현행·확대), 심리상담바우처(현행·확대), 서울건강장수센터(2026년 33개소 확대), 방문건강관리(현행), 365 서울챌린지(2026년 추진), 참여형 안부확인 적립금(2026년 추진), 저상버스 확대(2026년 추진), 장애인콜택시 증차(2026년 추진), 바우처택시(현행)","서울동행맵 AI 음성 안내(2026년 3분기 예정), 서울동행맵 보행경로 내비게이션(2026년 4분기 예정)",현행·지속 + 2026년 신규 시행 중 + 2026년 시행 예정 연계,2026.3 신규 시행·현재 시행 중 / 2026.3Q~4Q 예정,중간,의료 1순위 해소 필요. 서울건강장수센터 33개소 확대·통합돌봄 2026.3 시행 명시
