b076_dong,시군구명,행정동명,elderly_rspop,middle_rspop,youth_rspop,total_rspop,elderly_1인세대,middle_1인세대,youth_1인세대,elderly_1인가구율,middle_1인가구율,youth_1인가구율
1101072,종로구,청운효자동,2152,4592,2905,9649,552.0,721.0,604.0,25.650557620817843,15.701219512195122,20.79173838209983
1101053,종로구,사직동,1835,3582,2468,7885,547.0,855.0,954.0,29.809264305177113,23.869346733668344,38.6547811993517
1101054,종로구,삼청동,598,878,520,1996,176.0,195.0,156.0,29.431438127090303,22.209567198177677,30.0
1101055,종로구,부암동,1860,3749,2291,7900,462.0,653.0,549.0,24.838709677419356,17.417978127500668,23.963334788302053
1101056,종로구,평창동,3589,7183,4099,14871,845.0,900.0,488.0,23.54416271942045,12.529583739384659,11.905342766528422
1101057,종로구,무악동,1501,3342,1664,6507,343.0,259.0,96.0,22.85143237841439,7.74985038898863,5.769230769230769
1101058,종로구,교남동,1683,3944,2552,8179,478.0,627.0,555.0,28.401663695781345,15.897565922920892,21.747648902821318
1101060,종로구,가회동,846,1644,914,3404,261.0,387.0,251.0,30.851063829787233,23.54014598540146,27.461706783369806
1101061,종로구,종로1·2·3·4가동,1735,2664,1923,6322,1181.0,1417.0,1341.0,68.06916426512967,53.19069069069069,69.73478939157566
1101063,종로구,종로5·6가동,1068,1887,2080,5035,496.0,733.0,1463.0,46.441947565543074,38.844727080021194,70.33653846153847
1101064,종로구,이화동,1370,2328,2740,6438,484.0,728.0,1732.0,35.32846715328467,31.27147766323024,63.21167883211679
1101073,종로구,혜화동,2673,5185,6318,14176,778.0,1123.0,3822.0,29.105873550317995,21.658630665380908,60.49382716049383
1101067,종로구,창신1동,1207,1907,1138,4252,631.0,571.0,420.0,52.27837613918807,29.94231777661248,36.90685413005272
1101068,종로구,창신2동,1870,3309,1852,7031,778.0,898.0,382.0,41.60427807486631,27.13810818978543,20.626349892008637
1101069,종로구,창신3동,1308,2598,1747,5653,363.0,341.0,243.0,27.75229357798165,13.125481139337952,13.909559244419004
1101070,종로구,숭인1동,1277,2442,1513,5232,476.0,639.0,410.0,37.27486296006265,26.16707616707617,27.09847984137475
1101071,종로구,숭인2동,1731,3362,4159,9252,786.0,1312.0,2997.0,45.407279029462735,39.02439024390244,72.06059148833855
1102052,중구,소공동,275,953,671,1899,91.0,335.0,315.0,33.09090909090909,35.15215110178384,46.944858420268254
1102054,중구,회현동,1269,1797,943,4009,552.0,515.0,275.0,43.498817966903076,28.65887590428492,29.16224814422057
1102055,중구,명동,724,1034,685,2443,200.0,341.0,340.0,27.624309392265197,32.97872340425532,49.63503649635037
1102057,중구,필동,872,1352,1439,3663,375.0,551.0,990.0,43.0045871559633,40.75443786982248,68.79777623349548
1102058,중구,장충동,885,1349,1944,4178,318.0,375.0,1261.0,35.932203389830505,27.798369162342475,64.86625514403292
1102059,중구,광희동,1120,1875,2438,5433,527.0,784.0,1605.0,47.05357142857143,41.81333333333333,65.83264971287942
1102060,중구,을지로동,486,1018,1265,2769,318.0,517.0,626.0,65.4320987654321,50.785854616895875,49.48616600790513
1102069,중구,신당동,1509,2846,2608,6963,712.0,1046.0,1372.0,47.18356527501656,36.75333801827126,52.60736196319018
1102070,중구,다산동,2897,5003,4270,12170,901.0,1037.0,1386.0,31.101139109423542,20.727563461922845,32.459016393442624
1102071,중구,약수동,4118,6238,4080,14436,1329.0,1045.0,828.0,32.27294803302574,16.752164155177944,20.294117647058822
1102072,중구,청구동,2921,4959,3770,11650,761.0,662.0,582.0,26.052721670660734,13.34946561806816,15.437665782493367
1102065,중구,신당5동,1931,3947,3252,9130,748.0,1021.0,1093.0,38.73640600725013,25.867747656447936,33.61008610086101
1102073,중구,동화동,2052,4125,2424,8601,416.0,442.0,253.0,20.2729044834308,10.715151515151515,10.437293729372938
1102067,중구,황학동,2094,4343,5136,11573,842.0,1288.0,2594.0,40.210124164278895,29.65691918029012,50.50623052959502
1102068,중구,중림동,2221,4841,3411,10473,685.0,1054.0,925.0,30.84196307969383,21.77236108242099,27.118147170917617
1103051,용산구,후암동,3033,6206,4958,14197,1033.0,1463.0,1867.0,34.05868776788658,23.573960683209798,37.65631302944736
1103052,용산구,용산2가동,2064,3214,2959,8237,648.0,863.0,1364.0,31.3953488372093,26.85127566894835,46.09665427509294
1103053,용산구,남영동,1567,3129,1782,6478,1040.0,1688.0,1052.0,66.36885768985323,53.946947906679455,59.0347923681257
1103071,용산구,청파동,3294,6744,7460,17498,1205.0,2055.0,4165.0,36.581663630843956,30.47153024911032,55.83109919571045
1103072,용산구,원효로1동,2072,5851,7081,15004,553.0,1434.0,3262.0,26.68918918918919,24.50863100324731,46.0669396977828
1103057,용산구,원효로2동,2444,5244,4216,11904,612.0,788.0,1266.0,25.040916530278235,15.026697177726925,30.02846299810247
1103058,용산구,효창동,1599,4055,3611,9265,334.0,559.0,871.0,20.888055034396498,13.785450061652282,24.12074217668236
1103059,용산구,용문동,2261,4315,3595,10171,612.0,657.0,955.0,27.06766917293233,15.225955967555041,26.564673157162726
1103073,용산구,한강로동,3218,7600,8076,18894,825.0,1898.0,3277.0,25.637041640770665,24.973684210526315,40.577018325903914
1103063,용산구,이촌1동,4416,10229,5491,20136,732.0,729.0,292.0,16.57608695652174,7.126796363280868,5.317792751775633
1103064,용산구,이촌2동,1819,3105,2099,7023,436.0,536.0,353.0,23.969213853765805,17.262479871175522,16.817532158170557
1103065,용산구,이태원1동,1338,2224,2014,5576,408.0,636.0,792.0,30.493273542600896,28.597122302158272,39.32472691161867
1103066,용산구,이태원2동,1838,3142,2857,7837,489.0,866.0,1220.0,26.60500544069641,27.562062380649266,42.70213510675534
1103074,용산구,한남동,3568,7368,5481,16417,668.0,1469.0,1263.0,18.721973094170405,19.93756786102063,23.043240284619596
1103069,용산구,서빙고동,2140,5259,3014,10413,554.0,664.0,484.0,25.88785046728972,12.625974519870697,16.05839416058394
1103070,용산구,보광동,2682,4933,3594,11209,536.0,784.0,555.0,19.98508575689784,15.89296574092844,15.442404006677796
1104052,성동구,왕십리2동,2734,6267,5012,14013,750.0,997.0,1225.0,27.432333577176298,15.908728259135152,24.441340782122907
1104071,성동구,왕십리도선동,4062,10100,8529,22691,1158.0,1481.0,2395.0,28.508124076809455,14.663366336633663,28.08066596318443
1104054,성동구,마장동,4145,7815,7270,19230,1159.0,1268.0,3137.0,27.96139927623643,16.22520793346129,43.14993122420908
1104055,성동구,사근동,1545,2878,6545,10968,419.0,660.0,4941.0,27.119741100323623,22.932592077831828,75.49274255156608
1104056,성동구,행당1동,2251,5201,4401,11853,607.0,922.0,1499.0,26.96579298089738,17.72736012305326,34.06044080890707
1104057,성동구,행당2동,4143,9281,6030,19454,1015.0,888.0,503.0,24.499155201544774,9.567934489817906,8.341625207296849
1104058,성동구,응봉동,2628,6163,3711,12502,551.0,651.0,419.0,20.966514459665145,10.563037481745903,11.290757208299649
1104059,성동구,금호1가동,2821,5993,3858,12672,833.0,824.0,543.0,29.528535980148884,13.749374269981645,14.074650077760499
1104072,성동구,금호2·3가동,4070,8765,6276,19111,1004.0,1382.0,1004.0,24.668304668304668,15.767256132344551,15.997450605481198
1104062,성동구,금호4가동,2621,5762,3658,12041,758.0,931.0,603.0,28.9202594429607,16.157584172162444,16.48441771459814
1104073,성동구,옥수동,4405,10083,6986,21474,939.0,1340.0,810.0,21.316685584562997,13.289695527124865,11.594617807042656
1104065,성동구,성수1가1동,2437,6224,5056,13717,674.0,1160.0,1315.0,27.656955272876488,18.637532133676093,26.00870253164557
1104066,성동구,성수1가2동,2045,4523,4086,10654,541.0,1032.0,1567.0,26.45476772616137,22.81671456997568,38.35046500244738
1104067,성동구,성수2가1동,2998,6007,4305,13310,994.0,1439.0,1237.0,33.15543695797198,23.955385383718994,28.73403019744483
1104068,성동구,성수2가3동,1874,3769,3504,9147,408.0,819.0,1362.0,21.77161152614728,21.72990183072433,38.86986301369863
1104069,성동구,송정동,1897,3998,2996,8891,646.0,1081.0,1170.0,34.05376910911966,27.03851925962982,39.0520694259012
1104070,성동구,용답동,2272,4222,4684,11178,938.0,1512.0,3006.0,41.28521126760563,35.812411179535765,64.17591801878736
1105053,광진구,화양동,2376,4886,15124,22386,804.0,2177.0,11881.0,33.83838383838384,44.55587392550143,78.55725998413118
1105054,광진구,군자동,3257,6513,7774,17544,1061.0,1695.0,4245.0,32.575990175007675,26.024873330262555,54.60509390275276
1105055,광진구,중곡1동,2692,5469,5861,14022,906.0,1452.0,2605.0,33.655274888558694,26.54964344487109,44.44634021498038
1105056,광진구,중곡2동,3566,7919,7014,18499,1121.0,1673.0,2581.0,31.43578238923163,21.126404849097106,36.79783290561734
1105057,광진구,중곡3동,3055,6184,5092,14331,1197.0,1617.0,1690.0,39.18166939443535,26.148124191461836,33.18931657501964
1105058,광진구,중곡4동,5593,11286,8016,24895,1648.0,2096.0,1957.0,29.465403182549615,18.57168172957647,24.413672654690618
1105059,광진구,능동,1713,3743,4714,10170,471.0,1028.0,2411.0,27.495621716287218,27.464600587763826,51.145523971149764
1105063,광진구,광장동,4161,14843,7196,26200,759.0,867.0,711.0,18.240807498197547,5.841137236407734,9.880489160644803
1105064,광진구,자양1동,3788,8251,7718,19757,1277.0,2048.0,3530.0,33.7117212249208,24.821233789843657,45.73723762632807
1105065,광진구,자양2동,4337,9504,6898,20739,1029.0,1609.0,2231.0,23.726077934055798,16.929713804713806,32.34270803131342
1105066,광진구,자양3동,4649,10895,7339,22883,,,,,,
1105067,광진구,자양4동,4050,7477,6604,18131,945.0,1072.0,1249.0,23.333333333333332,14.337301056573493,18.912780133252575
1105060,광진구,구의1동,3439,8333,9364,21136,1109.0,2214.0,4589.0,32.247746437918,26.569062762510498,49.00683468603161
1105061,광진구,구의2동,4714,10547,6938,22199,1342.0,1747.0,1534.0,28.468392023759016,16.56395183464492,22.110118189680023
1105062,광진구,구의3동,4569,10778,8601,23948,907.0,1410.0,2141.0,19.851170934558983,13.08220449062906,24.89245436577142
1106081,동대문구,용신동,6554,13877,14073,34504,1658.0,2176.0,3527.0,25.297528227036924,15.680622612956691,25.06217579762666
1106082,동대문구,제기동,5713,8082,7409,21204,2073.0,1965.0,3565.0,36.28566427446175,24.31328878990349,48.11715481171548
1106083,동대문구,전농1동,6106,12461,9226,27793,2171.0,2532.0,3162.0,35.55519161480511,20.319396517133455,34.27270756557555
1106084,동대문구,전농2동,3911,7421,4123,15455,970.0,886.0,467.0,24.801840961390948,11.939091766608275,11.326703856415232
1106091,동대문구,답십리1동,4279,10700,8683,23662,1150.0,1578.0,2598.0,26.875438186492172,14.747663551401867,29.920534377519292
1106085,동대문구,답십리1동,4279,10700,8683,23662,,,,,,
1106086,동대문구,답십리2동,5959,10843,7409,24211,1710.0,1733.0,1430.0,28.69608994797785,15.982661625011529,19.300850317181805
1106087,동대문구,장안1동,7059,14917,10875,32851,1942.0,3143.0,3726.0,27.51097889219436,21.069920225246364,34.26206896551724
1106088,동대문구,장안2동,5686,13131,8425,27242,1580.0,2189.0,2097.0,27.787548364403797,16.67047444977534,24.89020771513353
1106080,동대문구,청량리동,5592,7219,4387,17198,2293.0,1655.0,1270.0,41.00500715307582,22.925612965784733,28.94916799635286
1106071,동대문구,회기동,1554,2910,4930,9394,477.0,703.0,3443.0,30.694980694980696,24.15807560137457,69.83772819472617
1106072,동대문구,휘경1동,2170,4337,5774,12281,599.0,836.0,3339.0,27.6036866359447,19.275997233110445,57.82819535850364
1106073,동대문구,휘경2동,4241,8265,8929,21435,1062.0,1239.0,4486.0,25.041263852864894,14.99092558983666,50.24078844215477
1106089,동대문구,이문1동,3278,5605,7230,16113,880.0,1384.0,5354.0,26.845637583892618,24.692239072256914,74.05255878284925
1106090,동대문구,이문2동,4251,7598,5009,16858,1086.0,983.0,1028.0,25.5469301340861,12.937615161884706,20.523058494709524
1107052,중랑구,면목2동,4993,10039,6347,21379,1889.0,2554.0,1476.0,37.832966152613665,25.440780954278313,23.255081140696394
1107054,중랑구,면목4동,4072,7486,4697,16255,1380.0,1682.0,1063.0,33.88998035363458,22.468608068394335,22.631466893761974
1107055,중랑구,면목5동,2494,5945,3999,12438,711.0,948.0,510.0,28.5084202085004,15.946173254835996,12.753188297074269
1107071,중랑구,면목본동,6541,13293,10155,29989,2561.0,3606.0,3389.0,39.15303470417367,27.127059354547505,33.37272279665189
1107057,중랑구,면목7동,4608,8524,5992,19124,,,,,,
1107072,중랑구,면목3·8동,5454,9932,6937,22323,1406.0,1894.0,1583.0,25.779244591125778,19.069673781715665,22.819662678391236
1107059,중랑구,상봉1동,4238,9397,6354,19989,1315.0,1266.0,1241.0,31.028787163756487,13.472384803660741,19.53100409191061
1107060,중랑구,상봉2동,3210,6864,8887,18961,1286.0,2443.0,5289.0,40.06230529595015,35.59149184149184,59.5138967030494
1107061,중랑구,중화1동,4003,7355,5345,16703,1124.0,1353.0,1156.0,28.078940794404193,18.3956492182189,21.627689429373245
1107062,중랑구,중화2동,5317,9786,6901,22004,2397.0,3092.0,2334.0,45.0818130524732,31.596157776415286,33.82118533545863
1107064,중랑구,묵1동,6392,13384,9273,29049,1492.0,1837.0,2356.0,23.341677096370464,13.725343693962941,25.407095869729325
1107065,중랑구,묵2동,3897,7302,5125,16324,1230.0,1687.0,1506.0,31.56274056966898,23.10325938099151,29.385365853658534
1107073,중랑구,망우본동,7144,13618,10247,31009,2732.0,3246.0,2793.0,38.24188129899216,23.836099280364223,27.256758075534304
1107068,중랑구,망우3동,3658,6649,3998,14305,1511.0,1767.0,952.0,41.306724986331325,26.57542487592119,23.81190595297649
1107069,중랑구,신내1동,7611,15346,8854,31811,1730.0,1323.0,987.0,22.730258835895416,8.621139059038185,11.147503953015587
1107070,중랑구,신내2동,4501,7936,4876,17313,1528.0,1143.0,647.0,33.94801155298823,14.402721774193546,13.269073010664478
1108081,성북구,성북동,3114,6094,5057,14265,889.0,1262.0,1896.0,28.548490687219015,20.708893994092552,37.49258453628633
1108082,성북구,삼선동,4118,8338,7262,19718,1322.0,1725.0,2991.0,32.102962603205434,20.68841448788678,41.18700082621867
1108083,성북구,동선동,2216,4471,7069,13756,719.0,1350.0,4653.0,32.44584837545126,30.19458734063968,65.82260574338662
1108058,성북구,돈암1동,3092,5719,3729,12540,861.0,685.0,439.0,27.846054333764553,11.977618464766568,11.772593188522391
1108059,성북구,돈암2동,3792,9945,5435,19172,742.0,727.0,358.0,19.567510548523206,7.310206133735546,6.586936522539098
1108060,성북구,안암동,2172,4141,7544,13857,699.0,1044.0,5631.0,32.18232044198895,25.211301617966676,74.64209968186638
1108061,성북구,보문동,2636,6120,5497,14253,847.0,1299.0,1743.0,32.132018209408194,21.225490196078432,31.708204475168273
1108062,성북구,정릉1동,3288,7082,4572,14942,774.0,755.0,791.0,23.54014598540146,10.660830273933918,17.300962379702536
1108063,성북구,정릉2동,4829,8867,6031,19727,1171.0,1092.0,1058.0,24.24932698281218,12.315326491485283,17.542696070303432
1108064,성북구,정릉3동,3463,4987,5190,13640,953.0,869.0,2840.0,27.519491770141496,17.425305795067175,54.72061657032755
1108065,성북구,정릉4동,5182,9775,5967,20924,1448.0,1414.0,1125.0,27.94287919722115,14.46547314578005,18.85369532428356
1108066,성북구,길음1동,4892,14861,7147,26900,1048.0,1063.0,456.0,21.4227309893704,7.152950676266738,6.380299426332726
1108068,성북구,길음2동,3309,8988,5385,17682,757.0,913.0,841.0,22.877002115442732,10.157988429016466,15.61745589600743
1108084,성북구,종암동,7190,14984,10067,32241,2069.0,2056.0,3029.0,28.77607788595271,13.721302722904433,30.088407668620242
1108071,성북구,월곡1동,5080,10465,6039,21584,1408.0,1245.0,865.0,27.716535433070867,11.896798853320592,14.323563503891373
1108072,성북구,월곡2동,3822,6910,6066,16798,1076.0,1201.0,2578.0,28.152799581371006,17.380607814761216,42.4991757335971
1108076,성북구,장위1동,4334,9658,6214,20206,1462.0,1710.0,1136.0,33.7332718043378,17.705529095050736,18.28130028966849
1108077,성북구,장위2동,3233,5123,3566,11922,1088.0,1277.0,1073.0,33.652953912774514,24.926800702713255,30.089736399326977
1108078,성북구,장위3동,2299,6241,4220,12760,640.0,796.0,818.0,27.838190517616358,12.754366287453934,19.38388625592417
1108085,성북구,석관동,7697,13268,9256,30221,2349.0,2661.0,2653.0,30.518383785890606,20.055773289116672,28.66248919619706
1109069,강북구,삼양동,5144,9274,5458,19876,,,,,,
1109070,강북구,미아동,4804,8114,6268,19186,1965.0,1953.0,980.0,40.90341382181516,24.069509489770766,15.634971282705806
1109071,강북구,송중동,6338,11604,7594,25536,1982.0,2374.0,1960.0,31.271694540864626,20.458462599103758,25.80984988148538
1109072,강북구,송천동,6449,10355,5961,22765,2313.0,2375.0,1350.0,35.866025740424874,22.93577981651376,22.64720684448918
1109073,강북구,삼각산동,4876,13195,6489,24560,1399.0,1145.0,301.0,28.691550451189503,8.67752936718454,4.638619201725998
1109060,강북구,번1동,3818,7018,5485,16321,1310.0,2068.0,2522.0,34.31115767417496,29.46708463949843,45.97994530537831
1109061,강북구,번2동,4205,5919,3451,13575,1547.0,1168.0,696.0,36.78953626634958,19.73306301740159,20.168067226890756
1109062,강북구,번3동,4965,6283,3334,14582,,,,,,
1109063,강북구,수유1동,4687,7816,5494,17997,1704.0,1936.0,1772.0,36.355877960315766,24.769703172978506,32.2533673097925
1109064,강북구,수유2동,5274,8266,4990,18530,1530.0,1510.0,1000.0,29.01023890784983,18.267602225985964,20.04008016032064
1109065,강북구,수유3동,4976,8814,7607,21397,1893.0,2902.0,3575.0,38.04260450160772,32.92489221692762,46.996187721835156
1109074,강북구,우이동,5089,7978,4720,17787,1697.0,1459.0,1017.0,33.34643348398507,18.28779142642266,21.546610169491526
1109075,강북구,인수동,7454,11650,6972,26076,2472.0,2470.0,1407.0,33.16340220016099,21.201716738197423,20.180722891566266
1110059,도봉구,창1동,5059,9794,6152,21005,,,,,,
1110060,도봉구,창2동,5692,11549,7549,24790,1398.0,1520.0,1282.0,24.560787069571326,13.161312667763442,16.982381772420187
1110061,도봉구,창3동,3131,5651,3025,11807,,,,,,
1110062,도봉구,창4동,4765,10925,6655,22345,,,,,,
1110063,도봉구,창5동,4859,9522,6621,21002,,,,,,
1110064,도봉구,도봉1동,6128,8100,4249,18477,,,,,,
1110065,도봉구,도봉2동,7053,10057,6029,23139,2287.0,1847.0,745.0,32.42591804905714,18.36531768917172,12.356941449659976
1110051,도봉구,쌍문1동,4917,8270,5168,18355,1423.0,1380.0,1141.0,28.94041081960545,16.68681983071342,22.078173374613
1110052,도봉구,쌍문2동,4208,7297,4503,16008,1416.0,1373.0,730.0,33.65019011406844,18.81595176099767,16.211414612480567
1110053,도봉구,쌍문3동,3635,6477,4770,14882,1152.0,1302.0,1447.0,31.691884456671254,20.101899027327466,30.335429769392036
1110054,도봉구,쌍문4동,3441,7567,4342,15350,,,,,,
1110055,도봉구,방학1동,6390,11523,6554,24467,2032.0,2286.0,1364.0,31.79968701095462,19.838583702160896,20.811718034787916
1110056,도봉구,방학2동,4766,7805,4151,16722,1859.0,1749.0,617.0,39.00545530843475,22.408712363869316,14.863888219706094
1110057,도봉구,방학3동,5690,10780,5640,22110,1187.0,786.0,267.0,20.86115992970123,7.291280148423006,4.73404255319149
1111051,노원구,월계1동,4408,7811,5997,18216,1160.0,1264.0,2385.0,26.31578947368421,16.182307002944565,39.769884942471236
1111052,노원구,월계2동,6277,10421,5601,22299,2270.0,1577.0,663.0,36.16377250278796,15.132904711639958,11.837171933583289
1111053,노원구,월계3동,6577,11108,7423,25108,2086.0,1509.0,1020.0,31.716588110080586,13.584803745048612,13.741075037047015
1111079,노원구,공릉1동,7132,13359,11561,32052,2438.0,2580.0,4878.0,34.1839596186203,19.31282281607905,42.19358187008044
1111056,노원구,공릉2동,6223,15872,12410,34505,1489.0,1559.0,3604.0,23.92736622207938,9.822328629032258,29.041095890410958
1111058,노원구,하계1동,4862,10369,7221,22452,1894.0,1301.0,2139.0,38.95516248457425,12.547015141286527,29.621936019941835
1111059,노원구,하계2동,3563,9010,5051,17624,,,,,,
1111060,노원구,중계본동,2747,10417,4568,17732,,,,,,
1111061,노원구,중계1동,2702,12068,4676,19446,687.0,590.0,228.0,25.42561065877128,4.888962545575075,4.875962360992301
1111064,노원구,중계4동,4251,7992,4101,16344,,,,,,
1111078,노원구,중계2·3동,7846,12967,7530,28343,,,,,,
1111065,노원구,상계1동,7869,15326,9022,32217,2108.0,2008.0,1061.0,26.78866437920956,13.10191830875636,11.76014187541565
1111066,노원구,상계2동,3715,8096,5055,16866,1156.0,1324.0,1040.0,31.11709286675639,16.35375494071146,20.573689416419384
1111076,노원구,상계3·4동,6542,11289,6021,23852,2433.0,1940.0,614.0,37.190461632528276,17.18487022765524,10.197641587776117
1111069,노원구,상계5동,5413,9578,5504,20495,1897.0,1876.0,911.0,35.04526140772215,19.58655251618292,16.5515988372093
1111077,노원구,상계6·7동,5454,12731,8705,26890,1529.0,1848.0,1644.0,28.034470113678033,14.515748959233369,18.885697874784608
1111072,노원구,상계8동,3190,7927,7110,18227,799.0,882.0,827.0,25.047021943573668,11.126529582439764,11.631504922644163
1111073,노원구,상계9동,3838,7996,5053,16887,1014.0,951.0,633.0,26.42001042209484,11.89344672336168,12.5272115574906
1111074,노원구,상계10동,3018,7366,5169,15553,677.0,879.0,784.0,22.432074221338635,11.93320662503394,15.167343780228284
1112051,은평구,녹번동,7566,14142,10217,31925,2616.0,2737.0,2470.0,34.57573354480571,19.35369820393155,24.175393951257707
1112052,은평구,불광1동,8223,15105,9957,33285,2242.0,2136.0,2435.0,27.264988447038796,14.141012909632572,24.455157175856183
1112072,은평구,불광2동,6370,10510,7629,24509,2473.0,2517.0,2270.0,38.82260596546311,23.94862036156042,29.754882684493378
1112055,은평구,갈현1동,3174,5796,4177,13147,,,,,,
1112056,은평구,갈현2동,5441,11246,7529,24216,987.0,1196.0,1261.0,18.14004778533358,10.634892406188868,16.748572187541505
1112057,은평구,구산동,6587,12995,8069,27651,1702.0,1817.0,1511.0,25.838773341430088,13.982300884955754,18.725988350477135
1112058,은평구,대조동,5303,9734,9920,24957,1978.0,2548.0,4268.0,37.299641712238355,26.176289295253753,43.024193548387096
1112059,은평구,응암1동,5596,12707,9466,27769,1543.0,2147.0,2642.0,27.57326661901358,16.89619894546313,27.91041622649482
1112060,은평구,응암2동,4247,11098,6681,22026,1115.0,1290.0,733.0,26.253826230280197,11.623715984862137,10.971411465349497
1112073,은평구,응암3동,5906,8996,6578,21480,2245.0,2212.0,2125.0,38.01219099221131,24.588706091596265,32.30465186986926
1112074,은평구,역촌동,9083,17987,11907,38977,2748.0,3223.0,2859.0,30.254321259495757,17.918496692055374,24.011085915847822
1112065,은평구,신사1동,5487,10587,7417,23491,1377.0,1603.0,1630.0,25.095680699835977,15.141210919051668,21.97654038020763
1112066,은평구,신사2동,4046,7637,5077,16760,,,,,,
1112067,은평구,증산동,3704,7179,5019,15902,698.0,858.0,699.0,18.84449244060475,11.951525282072712,13.927077106993424
1112068,은평구,수색동,3047,7816,5963,16826,815.0,828.0,684.0,26.747620610436496,10.59365404298874,11.470736206607413
1112071,은평구,진관동,9078,22037,12806,43921,1686.0,1900.0,3174.0,18.57237276933245,8.621863230022235,24.785256910823055
1113052,서대문구,천연동,3359,6705,4251,14315,1109.0,1114.0,821.0,33.01577850550759,16.6144668158091,19.31310279934133
1113074,서대문구,북아현동,2378,6086,4702,13166,757.0,1039.0,987.0,31.833473507148863,17.07196845218534,20.991067630795406
1113073,서대문구,충현동,3542,7466,6355,17363,1069.0,1629.0,2349.0,30.18068887634105,21.818912402893115,36.963021243115655
1113075,서대문구,신촌동,2150,4550,12264,18964,695.0,1750.0,9906.0,32.325581395348834,38.46153846153847,80.77299412915852
1113076,서대문구,연희동,6111,11570,13049,30730,1689.0,2395.0,6662.0,27.63868433971527,20.700086430423507,51.05372059161621
1113062,서대문구,홍제1동,5000,9798,6701,21499,1354.0,1568.0,1355.0,27.08,16.00326597264748,20.22086255782719
1113064,서대문구,홍제3동,4077,6854,4673,15604,1183.0,1041.0,799.0,29.01643365219524,15.188211263495768,17.09822383907554
1113065,서대문구,홍제2동,2851,5374,3428,11653,747.0,601.0,424.0,26.20133286566117,11.183475995534053,12.36872812135356
1113066,서대문구,홍은1동,4783,9008,5628,19419,1342.0,1352.0,975.0,28.057704369642483,15.008880994671403,17.32409381663113
1113068,서대문구,홍은2동,5575,11157,8175,24907,1386.0,1750.0,2030.0,24.8609865470852,15.685220041229723,24.831804281345565
1113069,서대문구,남가좌1동,2331,6734,3823,12888,503.0,461.0,438.0,21.57872157872158,6.845856845856845,11.456970965210568
1113070,서대문구,남가좌2동,5128,11077,8218,24423,1516.0,1610.0,2360.0,29.56318252730109,14.53462128735217,28.717449501095153
1113071,서대문구,북가좌1동,3198,7335,3991,14524,678.0,625.0,394.0,21.200750469043154,8.520790729379685,9.87221247807567
1113072,서대문구,북가좌2동,6744,12215,8423,27382,1962.0,2162.0,2119.0,29.092526690391455,17.69954973393369,25.15730737267007
1114078,마포구,아현동,3666,11017,8926,23609,910.0,1406.0,1511.0,24.822695035460992,12.76209494417718,16.928075285682276
1114077,마포구,공덕동,6229,14008,12306,32543,1982.0,2836.0,4354.0,31.818911542783752,20.245573957738436,35.381114903299206
1114075,마포구,도화동,3899,7837,6140,17876,1003.0,1187.0,1562.0,25.724544755065402,15.14610182467781,25.439739413680783
1114059,마포구,용강동,3084,8702,5430,17216,823.0,1345.0,1278.0,26.686121919584956,15.456216961618019,23.535911602209943
1114060,마포구,대흥동,1979,4906,6158,13043,741.0,1383.0,3426.0,37.44315310763012,28.189971463514063,55.63494641117246
1114061,마포구,염리동,2134,6607,5122,13863,645.0,953.0,1653.0,30.22492970946579,14.424095656122294,32.27254978524014
1114063,마포구,신수동,3469,8711,6662,18842,813.0,1169.0,2050.0,23.436148746036324,13.419814028240157,30.771540078054638
1114076,마포구,서강동,3397,9094,8792,21283,838.0,1357.0,3818.0,24.668825434206653,14.92192654497471,43.42584167424931
1114066,마포구,서교동,3355,7753,11324,22432,972.0,2707.0,6564.0,28.971684053651263,34.91551657422933,57.96538325679972
1114068,마포구,합정동,2673,5732,6602,15007,739.0,1461.0,2811.0,27.646838757949872,25.488485694347524,42.57800666464708
1114069,마포구,망원1동,3498,7109,6693,17300,980.0,1694.0,2632.0,28.01600914808462,23.82894921929948,39.32466756312565
1114070,마포구,망원2동,3319,7016,5413,15748,750.0,1117.0,1516.0,22.597167821633022,15.920752565564426,28.00665065582856
1114071,마포구,연남동,2369,4927,5831,13127,638.0,1472.0,2996.0,26.931194596876317,29.87619240917394,51.380552220888354
1114072,마포구,성산1동,3125,7161,6292,16578,813.0,1613.0,2441.0,26.016000000000002,22.524787040916074,38.795295613477435
1114073,마포구,성산2동,6554,14028,13357,33939,2047.0,2353.0,5458.0,31.232834909978642,16.773595665811232,40.86246911731676
1114074,마포구,상암동,4387,11909,7756,24052,930.0,1402.0,2539.0,21.19899703669934,11.772608951213368,32.7359463641052
1115051,양천구,목1동,3657,13366,5761,22784,669.0,632.0,373.0,18.293683347005743,4.728415382313332,6.474570387085575
1115052,양천구,목2동,4616,11316,9478,25410,1142.0,1779.0,2701.0,24.74003466204506,15.721102863202546,28.497573327706267
1115053,양천구,목3동,3750,8198,6912,18860,1070.0,1435.0,1906.0,28.53333333333333,17.5042693339839,27.57523148148148
1115054,양천구,목4동,3538,10516,6438,20492,1000.0,1173.0,1207.0,28.26455624646693,11.154431342715862,18.748058403230814
1115071,양천구,목5동,5241,17817,7464,30522,663.0,568.0,538.0,12.650257584430452,3.1879665488017066,7.207931404072883
1115057,양천구,신월1동,4582,8308,4790,17680,1763.0,2077.0,1069.0,38.476647752073326,25.0,22.317327766179538
1115058,양천구,신월2동,4343,8261,5195,17799,1151.0,1055.0,679.0,26.502417683628828,12.77085098656337,13.070259865255052
1115059,양천구,신월3동,3251,5932,3612,12795,1498.0,1749.0,782.0,46.078129806213475,29.484153742414026,21.650055370985605
1115060,양천구,신월4동,3657,7127,4023,14807,814.0,684.0,337.0,22.258681979764834,9.597306019362986,8.376833209047973
1115061,양천구,신월5동,2717,5744,3768,12229,821.0,940.0,798.0,30.21715126978285,16.364902506963787,21.17834394904459
1115062,양천구,신월6동,2130,5427,3675,11232,473.0,472.0,303.0,22.206572769953052,8.697254468398748,8.244897959183675
1115063,양천구,신월7동,4639,7519,4648,16806,,,,,,
1115064,양천구,신정1동,2943,8509,3877,15329,578.0,480.0,309.0,19.63982330954808,5.641085909037489,7.970079958730977
1115065,양천구,신정2동,2890,8288,3733,14911,768.0,533.0,311.0,26.574394463667822,6.430984555984557,8.331100991159925
1115066,양천구,신정3동,8452,20706,12030,41188,2184.0,2159.0,1123.0,25.840037860861337,10.426929392446633,9.334995843724023
1115072,양천구,신정4동,6383,12456,9887,28726,2139.0,2828.0,3593.0,33.51088829703901,22.70391779062299,36.34064933751391
1115069,양천구,신정6동,3195,10335,5116,18646,437.0,446.0,245.0,13.677621283255087,4.315432994678278,4.788897576231431
1115070,양천구,신정7동,5536,12015,5909,23460,1855.0,1210.0,410.0,33.50794797687861,10.070744902205577,6.938568285665933
1116051,강서구,염창동,4852,16030,12652,33534,779.0,1296.0,3132.0,16.055234954657873,8.084840923268871,24.754979449889344
1116052,강서구,등촌1동,3207,7916,11391,22514,920.0,1994.0,5438.0,28.687246647957593,25.18948964123295,47.73944342024406
1116053,강서구,등촌2동,3522,7440,6054,17016,,,,,,
1116054,강서구,등촌3동,7425,11080,7903,26408,731.0,1064.0,1560.0,9.845117845117846,9.602888086642599,19.739339491332405
1116073,강서구,화곡1동,9069,18246,19499,46814,2836.0,4869.0,8030.0,31.27136398720917,26.685300887865832,41.18159905636187
1116057,강서구,화곡2동,3137,6879,5010,15026,955.0,1348.0,1300.0,30.44309850175327,19.595871492949556,25.948103792415168
1116058,강서구,화곡3동,4475,7953,6143,18571,1000.0,1306.0,1695.0,22.3463687150838,16.421476172513515,27.592381572521568
1116059,강서구,화곡4동,4200,8058,5477,17735,1281.0,1784.0,1264.0,30.5,22.139488706875156,23.07832755157933
1116055,강서구,화곡본동,5353,12291,11699,29343,1778.0,2834.0,4473.0,33.21501961516906,23.05752176389228,38.234037097187795
1116061,강서구,화곡6동,4357,9183,8814,22354,,,,,,
1116063,강서구,화곡8동,4725,9068,7392,21185,,,,,,
1116075,강서구,가양1동,3492,10615,16833,30940,714.0,3034.0,10701.0,20.446735395189002,28.582195007065476,63.57155587239352
1116064,강서구,가양1동,3492,10615,16833,30940,,,,,,
1116065,강서구,가양2동,4522,4607,3545,12674,,,,,,
1116066,강서구,가양3동,3949,5024,4189,13162,,,,,,
1116067,강서구,발산1동,5397,14999,8080,28476,,,,,,
1116074,강서구,우장산동,6524,18111,10531,35166,1347.0,1180.0,962.0,20.64684242795831,6.515377394953344,9.134934953945494
1116069,강서구,공항동,4508,11353,8651,24512,1295.0,2150.0,2718.0,28.726708074534162,18.937725711265745,31.41833314067738
1116070,강서구,방화1동,7306,16936,10453,34695,1667.0,1752.0,1713.0,22.81686285245004,10.344827586206897,16.38763991198699
1116071,강서구,방화2동,5171,8418,6846,20435,2011.0,2161.0,2481.0,38.889963256623474,25.671180803041104,36.240140227870285
1116076,강서구,방화3동,5749,8489,5384,19622,,,,,,
1116072,강서구,방화3동,5749,8489,5384,19622,,,,,,
1117051,구로구,신도림동,5232,14093,9971,29296,810.0,1310.0,1929.0,15.481651376146788,9.295394876889237,19.346103700732122
1117052,구로구,구로1동,3062,8012,5967,17041,533.0,909.0,1123.0,17.406923579359894,11.345481777334,18.820177643707055
1117071,구로구,구로2동,5835,9310,5571,20716,2146.0,2556.0,1741.0,36.77806341045415,27.45435016111708,31.251121881170345
1117054,구로구,구로3동,3687,8287,9063,21037,1023.0,2467.0,5073.0,27.74613506916192,29.769518522987816,55.9748427672956
1117055,구로구,구로4동,4746,7220,5324,17290,1779.0,1963.0,1743.0,37.48419721871049,27.18836565096953,32.73854244928625
1117056,구로구,구로5동,5100,10569,10575,26244,1424.0,2487.0,4585.0,27.92156862745098,23.5310814646608,43.35697399527187
1117070,구로구,가리봉동,1985,3332,3066,8383,1045.0,1479.0,1998.0,52.64483627204031,44.38775510204081,65.16634050880626
1117061,구로구,고척1동,4794,9614,8399,22807,1159.0,1307.0,1564.0,24.17605340008344,13.594757645100893,18.62126443624241
1117062,구로구,고척2동,5740,10659,6174,22573,1719.0,1635.0,897.0,29.94773519163763,15.339150014072613,14.528668610301262
1117072,구로구,개봉1동,6990,13031,9007,29028,2099.0,2236.0,1458.0,30.028612303290416,17.15908218862712,16.187409792383704
1117064,구로구,개봉2동,7074,11816,7267,26157,1450.0,1337.0,1303.0,20.497596833474695,11.315165876777252,17.930370166506123
1117065,구로구,개봉3동,4637,8187,4679,17503,1227.0,1185.0,569.0,26.46107397023938,14.474166361304508,12.160718102158581
1117067,구로구,오류1동,4315,7663,8693,20671,1350.0,2037.0,4261.0,31.286210892236383,26.582278481012654,49.016450017255266
1117073,구로구,오류2동,7714,14847,8793,31354,1927.0,1727.0,1646.0,24.98055483536427,11.63197952448306,18.719435914932333
1117068,구로구,오류2동,7714,14847,8793,31354,,,,,,
1117069,구로구,수궁동,4950,9265,5599,19814,1441.0,1321.0,827.0,29.11111111111111,14.257960064759848,14.770494731202
1118051,금천구,가산동,2886,7092,13510,23488,1108.0,3314.0,10258.0,38.39223839223839,46.728708403835306,75.92894152479644
1118052,금천구,독산1동,6410,16285,18384,41079,1894.0,3817.0,9498.0,29.547581903276132,23.43874731347866,51.664490861618795
1118053,금천구,독산2동,3791,7459,4922,16172,1468.0,1970.0,1341.0,38.723292007385915,26.41104705724628,27.245022348638763
1118054,금천구,독산3동,4957,9473,7438,21868,1833.0,2395.0,2590.0,36.9780108936857,25.282381505330942,34.82118849152998
1118055,금천구,독산4동,3143,6200,3999,13342,1090.0,1641.0,995.0,34.68024180719058,26.46774193548387,24.88122030507627
1118057,금천구,시흥1동,6683,12860,9220,28763,2359.0,2922.0,2829.0,35.29851862935807,22.721617418351478,30.683297180043382
1118058,금천구,시흥2동,4495,8574,4341,17410,1247.0,856.0,254.0,27.741935483870968,9.983671565197108,5.8511863625892655
1118059,금천구,시흥3동,2515,4215,2501,9231,690.0,694.0,338.0,27.435387673956264,16.4650059311981,13.514594162335067
1118060,금천구,시흥4동,4562,8164,4751,17477,1387.0,1511.0,646.0,30.403331871985973,18.50808427241548,13.597137444748475
1118061,금천구,시흥5동,4649,7418,4262,16329,1766.0,1664.0,809.0,37.986663798666385,22.43192235103802,18.98169873298921
1119073,영등포구,영등포본동,4386,8187,6046,18619,1504.0,1958.0,1630.0,34.29092567259462,23.91596433369977,26.959973536222297
1119074,영등포구,영등포동,3506,8529,16593,28628,1651.0,3713.0,11801.0,47.090701654306905,43.533825770899284,71.12035195564394
1119054,영등포구,여의동,6527,12858,8367,27752,1051.0,1653.0,1791.0,16.102344109085337,12.855809612692488,21.405521692362854
1119055,영등포구,당산1동,3560,6954,8585,19099,1021.0,1763.0,4010.0,28.679775280898877,25.352315214265168,46.70937682003494
1119056,영등포구,당산2동,4977,12063,14969,32009,875.0,2099.0,7278.0,17.580872011251756,17.40031501284921,48.620482330148974
1119075,영등포구,도림동,3393,6765,5780,15938,1204.0,1872.0,2447.0,35.484821691718246,27.671840354767184,42.3356401384083
1119076,영등포구,문래동,4947,12242,9084,26273,931.0,1276.0,1776.0,18.819486557509602,10.423133474922398,19.550858652575958
1119061,영등포구,양평1동,2460,6041,7520,16021,670.0,1442.0,3394.0,27.235772357723576,23.870220162224797,45.13297872340426
1119062,영등포구,양평2동,2793,7673,9150,19616,620.0,1364.0,3453.0,22.198353025420694,17.776619314479344,37.73770491803279
1119063,영등포구,신길1동,3657,6857,7196,17710,1425.0,2237.0,3854.0,38.966365873666945,32.62359632492344,53.557531962201224
1119065,영등포구,신길3동,3330,6379,4302,14011,1045.0,1225.0,1088.0,31.38138138138138,19.203636933688667,25.290562529056253
1119066,영등포구,신길4동,2526,4922,3198,10646,844.0,887.0,697.0,33.41250989707047,18.021129622104837,21.794871794871796
1119067,영등포구,신길5동,2164,4034,2412,8610,692.0,715.0,471.0,31.97781885397412,17.7243430837878,19.5273631840796
1119068,영등포구,신길6동,3422,6573,5777,15772,928.0,1151.0,2499.0,27.11864406779661,17.51102997109387,43.2577462350701
1119069,영등포구,신길7동,2789,7621,5727,16137,518.0,748.0,959.0,18.572965220509143,9.814984910116783,16.745241836912868
1119070,영등포구,대림1동,3277,5450,3640,12367,1044.0,1107.0,1019.0,31.858407079646017,20.31192660550459,27.994505494505496
1119071,영등포구,대림2동,2900,4393,3708,11001,1001.0,1289.0,1737.0,34.51724137931034,29.342135215114958,46.84466019417476
1119072,영등포구,대림3동,4807,8734,5902,19443,1408.0,1639.0,1401.0,29.290617848970253,18.765743073047858,23.737716028464927
1120072,동작구,노량진1동,6130,11011,11498,28639,1661.0,2304.0,6337.0,27.096247960848284,20.924530015439107,55.11393285788833
1120052,동작구,노량진2동,2257,3592,3864,9713,761.0,1125.0,2210.0,33.71732388125831,31.319599109131403,57.19461697722568
1120053,동작구,상도1동,7640,15244,16213,39097,1816.0,1955.0,8181.0,23.769633507853403,12.8247179218053,50.45950780238081
1120054,동작구,상도2동,4495,10419,8417,23331,994.0,1434.0,2595.0,22.11345939933259,13.763317016988195,30.830462159914457
1120055,동작구,상도3동,4801,8861,7986,21648,1337.0,1697.0,3175.0,27.848364923974174,19.151337320844146,39.757074881041824
1120056,동작구,상도4동,5526,10510,8824,24860,1756.0,2279.0,3132.0,31.777053926891057,21.684110371075167,35.494106980961014
1120071,동작구,흑석동,5149,11687,8599,25435,1137.0,1249.0,2138.0,22.08195766168188,10.687088217677761,24.86335620420979
1120063,동작구,사당1동,3969,7261,9877,21107,1154.0,2106.0,5735.0,29.0753338372386,29.004269384382315,58.06418953123418
1120073,동작구,사당2동,5970,10815,7891,24676,1348.0,1572.0,1636.0,22.57956448911223,14.535367545076284,20.732480040552527
1120065,동작구,사당3동,4801,8984,6605,20390,994.0,1243.0,1624.0,20.7040199958342,13.835707925200355,24.587433762301288
1120066,동작구,사당4동,2889,5004,4723,12616,,,,,,
1120067,동작구,사당5동,2515,5349,4514,12378,842.0,1011.0,1962.0,33.47912524850894,18.900729108244533,43.4647762516615
1120068,동작구,대방동,5816,13603,11049,30468,1481.0,1822.0,4128.0,25.464236588720766,13.394104241711387,37.360847135487376
1120069,동작구,신대방1동,4149,9184,6457,19790,1168.0,1264.0,1880.0,28.15136177392143,13.763066202090593,29.115688400185846
1120070,동작구,신대방2동,3540,7862,7449,18851,883.0,1235.0,3300.0,24.943502824858758,15.70847112693971,44.30124848973016
1121052,관악구,보라매동,4815,8207,8619,21641,1411.0,1847.0,4059.0,29.304257528556594,22.505178506153285,47.0936303515489
1121054,관악구,청림동,2913,5703,3995,12611,785.0,744.0,639.0,26.948163405423962,13.04576538663861,15.994993742177721
1121079,관악구,성현동,5695,11375,7058,24128,1696.0,1396.0,1461.0,29.780509218612817,12.272527472527472,20.699914990082178
1121057,관악구,행운동,4566,8582,13708,26856,1375.0,2327.0,8770.0,30.113885238720982,27.114891633651826,63.97723956813539
1121058,관악구,낙성대동,2051,4292,9730,16073,648.0,1403.0,7390.0,31.594344222330573,32.688723205964585,75.95066803699896
1121080,관악구,청룡동,4826,9436,19114,33376,1644.0,2646.0,13973.0,34.065478657273104,28.041543026706233,73.1034843570158
1121078,관악구,은천동,6233,11898,10193,28324,1790.0,1994.0,4069.0,28.7181132680892,16.759119179694064,39.9195526341607
1121061,관악구,중앙동,2481,4222,7710,14413,869.0,1282.0,5576.0,35.02619911326078,30.36475603979157,72.32166018158236
1121062,관악구,인헌동,4215,8292,10865,23372,1174.0,1915.0,6278.0,27.852906287069988,23.094548962855765,57.78186838472158
1121063,관악구,남현동,3051,5770,7492,16313,756.0,1231.0,3716.0,24.778761061946902,21.334488734835354,49.59957287773625
1121064,관악구,서원동,3459,6744,11521,21724,1065.0,2220.0,7700.0,30.789245446660885,32.91814946619217,66.83447617394323
1121065,관악구,신원동,3364,5598,7629,16591,1193.0,1868.0,4655.0,35.463733650416174,33.369060378706685,61.017171319963296
1121066,관악구,서림동,3805,7618,10440,21863,1164.0,2871.0,7139.0,30.59132720105125,37.68705697033342,68.38122605363985
1121068,관악구,신사동,3647,7082,10187,20916,1282.0,2262.0,6910.0,35.15217987386893,31.940129906805986,67.83155001472466
1121069,관악구,신림동,2025,5010,15239,22274,840.0,3145.0,12935.0,41.48148148148148,62.774451097804395,84.88089769669925
1121071,관악구,난향동,2943,6400,3193,12536,762.0,956.0,320.0,25.891946992864423,14.9375,10.021922956467272
1121072,관악구,조원동,3137,6150,8801,18088,1056.0,1909.0,5358.0,33.66273509722665,31.040650406504067,60.87944551755482
1121073,관악구,대학동,3288,8143,11581,23012,1159.0,4241.0,9112.0,35.249391727493915,52.081542429080194,78.6805975304378
1121082,관악구,삼성동,5636,8251,4424,18311,1818.0,1639.0,697.0,32.2569198012775,19.864258877711794,15.75497287522604
1121083,관악구,미성동,6272,11505,8532,26309,1718.0,2007.0,2668.0,27.39158163265306,17.44458930899609,31.270511017346458
1121081,관악구,난곡동,5738,10193,7077,23008,2007.0,2285.0,2053.0,34.97734402230742,22.417345236927304,29.009467288399037
1122051,서초구,서초1동,3241,8027,6001,17269,732.0,1661.0,1999.0,22.585621721690835,20.69266226485611,33.31111481419764
1122052,서초구,서초2동,3313,9313,8417,21043,483.0,1415.0,3256.0,14.578931482040447,15.193815097175992,38.68361649043602
1122053,서초구,서초3동,5144,11958,10637,27739,982.0,2235.0,4317.0,19.090202177293936,18.690416457601604,40.58475133966344
1122054,서초구,서초4동,4475,12696,6514,23685,,,,,,
1122055,서초구,잠원동,3600,11432,6630,21662,853.0,1470.0,1419.0,23.694444444444446,12.858642407277818,21.402714932126695
1122056,서초구,반포본동,35,106,45,186,12.0,24.0,11.0,34.285714285714285,22.641509433962266,24.444444444444443
1122057,서초구,반포1동,4320,13514,9038,26872,842.0,2203.0,2996.0,19.49074074074074,16.30161314192689,33.14892675370657
1122058,서초구,반포2동,3062,8775,3852,15689,384.0,436.0,184.0,12.540822991508819,4.968660968660968,4.7767393561786085
1122059,서초구,반포3동,3439,10085,5099,18623,,,,,,
1122060,서초구,반포4동,3088,7459,4414,14961,518.0,528.0,255.0,16.77461139896373,7.0786968762568705,5.777072949705483
1122061,서초구,방배본동,3314,8480,4664,16458,635.0,877.0,866.0,19.16113458056729,10.341981132075471,18.567753001715264
1122062,서초구,방배1동,3081,6333,4861,14275,673.0,1036.0,1297.0,21.84355728659526,16.358755723985475,26.68175272577659
1122063,서초구,방배2동,3632,6985,5007,15624,848.0,915.0,1087.0,23.348017621145374,13.09949892627058,21.709606550828838
1122064,서초구,방배3동,3339,6719,3894,13952,,,,,,
1122065,서초구,방배4동,3730,9217,5981,18928,389.0,426.0,413.0,10.428954423592494,4.621894325702506,6.905199799364654
1122066,서초구,양재1동,7595,16537,10732,34864,1898.0,2139.0,2209.0,24.99012508229098,12.934631432545201,20.583302273574358
1122067,서초구,양재2동,3203,8362,7311,18876,,,,,,
1122068,서초구,내곡동,3519,6755,3983,14257,717.0,810.0,665.0,20.375106564364877,11.991117690599557,16.695957820738137
1123052,강남구,논현1동,3025,7539,9209,19773,859.0,3258.0,5238.0,28.396694214876035,43.215280541185834,56.87913997176675
1123053,강남구,논현2동,3237,7817,7286,18340,714.0,2403.0,3262.0,22.057460611677477,30.740693360624284,44.770793302223446
1123077,강남구,압구정동,5372,10181,5536,21089,877.0,1018.0,717.0,16.325390915860012,9.999017778214322,12.951589595375722
1123078,강남구,청담동,3910,10020,6905,20835,733.0,1798.0,1798.0,18.74680306905371,17.944111776447105,26.03910209992759
1123058,강남구,삼성1동,2275,4889,3325,10489,446.0,755.0,812.0,19.604395604395606,15.442830844753527,24.421052631578945
1123059,강남구,삼성2동,3998,12597,8504,25099,785.0,2286.0,2906.0,19.634817408704354,18.14717789949988,34.17215428033866
1123060,강남구,대치1동,2783,10701,3637,17121,256.0,200.0,75.0,9.198706431908013,1.8689842070834504,2.0621391256530104
1123079,강남구,대치2동,5522,16405,7474,29401,687.0,801.0,951.0,12.44114451285766,4.8826577263029565,12.724110248862724
1123063,강남구,대치4동,2107,7734,6143,15984,562.0,2057.0,2669.0,26.672994779307075,26.596845099560383,43.4478267947257
1123064,강남구,역삼1동,3772,11896,16432,32100,1191.0,5954.0,10525.0,31.57476139978791,50.05043712172159,64.0518500486855
1123065,강남구,역삼2동,3889,15685,8935,28509,,,,,,
1123066,강남구,도곡1동,3177,8333,5270,16780,,,,,,
1123067,강남구,도곡2동,5295,13624,6552,25471,760.0,2266.0,3343.0,14.353163361661943,16.632413388138577,51.02258852258852
1123068,강남구,개포1동,1707,2689,1329,5725,590.0,512.0,214.0,34.563561804335095,19.04053551506136,16.102332580887886
1123080,강남구,개포2동,5337,16574,10634,32545,,,,,,
1123071,강남구,개포4동,3684,9392,6572,19648,856.0,1462.0,1366.0,23.235613463626493,15.566439522998296,20.785149117468045
1123076,강남구,세곡동,7263,17218,12373,36854,1829.0,2313.0,3649.0,25.182431502134108,13.43361598327332,29.491635011719065
1123072,강남구,일원본동,3536,9479,4815,17830,559.0,518.0,404.0,15.808823529411764,5.464711467454373,8.390446521287643
1123073,강남구,일원1동,3496,5440,4115,13051,1232.0,1172.0,1294.0,35.24027459954233,21.544117647058826,31.44592952612394
1123075,강남구,수서동,5111,4922,3052,13085,2504.0,1082.0,409.0,48.99236939933477,21.982933766761477,13.401048492791611
1124051,송파구,풍납1동,2841,4827,2939,10607,844.0,805.0,460.0,29.707849348820837,16.677025067329605,15.651582170806396
1124052,송파구,풍납2동,4195,9029,7112,20336,917.0,1250.0,2105.0,21.859356376638857,13.844279543692547,29.597862767154105
1124053,송파구,거여1동,2579,4873,3268,10720,,,,,,
1124054,송파구,거여2동,4527,9535,5996,20058,812.0,902.0,673.0,17.936823503423902,9.459884635553225,11.224149432955304
1124055,송파구,마천1동,4436,7590,4030,16056,1304.0,1207.0,546.0,29.39585211902615,15.90250329380764,13.548387096774196
1124056,송파구,마천2동,4348,7587,4078,16013,1566.0,1537.0,571.0,36.0165593376265,20.25833662844339,14.001961745953901
1124057,송파구,방이1동,2420,6152,4229,12801,,,,,,
1124058,송파구,방이2동,3782,8776,11588,24146,,,,,,
1124059,송파구,오륜동,3217,7459,3549,14225,484.0,682.0,877.0,15.045073049424932,9.143316798498457,24.71118624964779
1124060,송파구,오금동,7185,15217,9851,32253,1696.0,1950.0,1369.0,23.604732080723732,12.814615232963133,13.89706628768653
1124061,송파구,송파1동,3682,8214,9437,21333,864.0,1837.0,4075.0,23.465507876154266,22.36425614803993,43.18109568718872
1124062,송파구,송파2동,3153,7356,5044,15553,489.0,624.0,810.0,15.509039010466221,8.482871125611746,16.05868358445678
1124063,송파구,석촌동,4879,11299,11851,28029,1454.0,3102.0,5194.0,29.8011887681902,27.453756969643333,43.8275251033668
1124064,송파구,삼전동,4332,10826,11105,26263,1356.0,2943.0,4904.0,31.301939058171747,27.184555699242562,44.16028815848716
1124065,송파구,가락본동,4224,10024,8037,22285,1071.0,1947.0,1982.0,25.355113636363637,19.42338387869114,24.66094313798681
1124066,송파구,가락1동,3938,10481,7369,21788,,,,,,
1124067,송파구,가락2동,4725,12607,8626,25958,565.0,559.0,537.0,11.957671957671957,4.4340445784088205,6.225365175052168
1124068,송파구,문정1동,3335,7633,6149,17117,,,,,,
1124069,송파구,문정2동,4349,9516,12014,25879,,,,,,
1124081,송파구,장지동,4876,11365,7954,24195,616.0,1061.0,1959.0,12.633305988515175,9.335679718433788,24.62911742519487
1124070,송파구,장지동,4876,11365,7954,24195,,,,,,
1124082,송파구,위례동,3817,17307,11082,32206,,,,,,
1124071,송파구,잠실본동,4066,10064,11156,25286,1243.0,3024.0,5621.0,30.570585341859317,30.047694753577108,50.385442811043376
1124079,송파구,잠실2동,3983,15220,6568,25771,581.0,655.0,382.0,14.586994727592268,4.303547963206308,5.8160779537149825
1124080,송파구,잠실3동,6269,13891,7102,27262,775.0,714.0,318.0,12.362418248524486,5.140018717154993,4.477611940298507
1124075,송파구,잠실4동,3151,8837,4304,16292,560.0,602.0,314.0,17.772135829895273,6.81226660631436,7.295539033457249
1124077,송파구,잠실6동,3151,6640,3710,13501,396.0,372.0,205.0,12.567438908283085,5.602409638554217,5.525606469002695
1124078,송파구,잠실7동,2315,3624,2054,7993,287.0,166.0,73.0,12.397408207343412,4.580573951434879,3.554040895813048
1125075,강동구,강일동,6100,12670,7478,26248,1703.0,1356.0,861.0,27.918032786885245,10.702446724546173,11.513773736293127
1125051,강동구,강일동,6100,12670,7478,26248,,,,,,
1125053,강동구,명일1동,4464,9950,6506,20920,991.0,1009.0,710.0,22.199820788530467,10.14070351758794,10.913003381494006
1125054,강동구,명일2동,2902,6949,3990,13841,418.0,457.0,862.0,14.403859407305305,6.5764858252986045,21.604010025062657
1125055,강동구,고덕1동,3162,10279,4441,17882,560.0,523.0,293.0,17.710309930423783,5.088043584006226,6.597613150191399
1125056,강동구,고덕2동,3306,9216,5515,18037,866.0,1033.0,943.0,26.19479733817302,11.20876736111111,17.098821396192204
1125072,강동구,암사1동,6588,13922,9214,29724,2180.0,2698.0,1971.0,33.090467516697025,19.37939951156443,21.391360972433255
1125058,강동구,암사2동,2631,5689,4402,12722,545.0,746.0,840.0,20.71455720258457,13.113025136227808,19.082235347569288
1125059,강동구,암사3동,2916,7032,3853,13801,465.0,376.0,229.0,15.946502057613168,5.346985210466439,5.9434207111341815
1125061,강동구,천호1동,5709,10494,7171,23374,1954.0,2343.0,1819.0,34.22665966018567,22.32704402515723,25.366057732533815
1125073,강동구,천호2동,6331,12751,10700,29782,2310.0,3337.0,4137.0,36.48712683620281,26.170496431652417,38.66355140186916
1125063,강동구,천호3동,4990,9599,9323,23912,1806.0,2664.0,4486.0,36.192384769539075,27.75289092613814,48.11755872573206
1125065,강동구,성내1동,3320,7711,5485,16516,675.0,993.0,1114.0,20.33132530120482,12.877707171573077,20.30993618960802
1125066,강동구,성내2동,4686,8556,8165,21407,1740.0,2432.0,3964.0,37.13188220230474,28.424497428705003,48.54868340477648
1125067,강동구,성내3동,4269,9085,6599,19953,1183.0,1688.0,1869.0,27.711407823846336,18.58007705008255,28.322473101985153
1125074,강동구,길동,8891,17589,13490,39970,2613.0,3840.0,5153.0,29.389270048363514,21.83182670987549,38.19866567828021
1125070,강동구,둔촌1동,8,24,15,47,456.0,902.0,623.0,,,
1125071,강동구,둔촌2동,4498,9564,6819,20881,1107.0,1301.0,1252.0,24.610938194753224,13.603094939355916,18.36046341105734
